PRAGMA foreign_keys=OFF;
BEGIN TRANSACTION;
CREATE TABLE IF NOT EXISTS "post" (
    "id" TEXT NOT NULL PRIMARY KEY,
    "title" TEXT NOT NULL,
    "slug" TEXT NOT NULL,
    "description" TEXT,
    "createdAt" DATETIME NOT NULL DEFAULT CURRENT_TIMESTAMP,
    "updatedAt" DATETIME NOT NULL,
    "ownerId" TEXT NOT NULL,
    "organizationId" TEXT,
    CONSTRAINT "post_ownerId_fkey" FOREIGN KEY ("ownerId") REFERENCES "user" ("id") ON DELETE CASCADE ON UPDATE CASCADE,
    CONSTRAINT "post_organizationId_fkey" FOREIGN KEY ("organizationId") REFERENCES "organization" ("id") ON DELETE CASCADE ON UPDATE CASCADE
);
CREATE TABLE IF NOT EXISTS "user" (
    "id" TEXT NOT NULL PRIMARY KEY,
    "name" TEXT NOT NULL,
    "email" TEXT NOT NULL,
    "emailVerified" BOOLEAN NOT NULL,
    "image" TEXT,
    "createdAt" DATETIME NOT NULL DEFAULT CURRENT_TIMESTAMP,
    "updatedAt" DATETIME NOT NULL,
    "role" TEXT,
    "banned" BOOLEAN,
    "banReason" TEXT,
    "banExpires" DATETIME
);
INSERT INTO user VALUES('D5NPgVnhF8XGNGeO4OE1pOZGXdQD2MMj','Filipe Martyn','filipemartyn@gmail.com',1,NULL,'2025-02-03T20:37:57.739+00:00','2025-02-03T20:37:57.947+00:00','user',NULL,NULL,NULL);
INSERT INTO user VALUES('Mc9k77AnMCCSt4GDV5kadsm4Kkbnpq4y','Super Admin','superadmin@melomarclinica.com.br',1,NULL,'2025-02-03T21:04:26.133+00:00','2025-02-03T21:04:26.341+00:00','admin',NULL,NULL,NULL);
CREATE TABLE IF NOT EXISTS "session" (
    "id" TEXT NOT NULL PRIMARY KEY,
    "expiresAt" DATETIME NOT NULL,
    "token" TEXT NOT NULL,
    "createdAt" DATETIME NOT NULL DEFAULT CURRENT_TIMESTAMP,
    "updatedAt" DATETIME NOT NULL,
    "ipAddress" TEXT,
    "userAgent" TEXT,
    "userId" TEXT NOT NULL,
    "impersonatedBy" TEXT,
    "activeOrganizationId" TEXT,
    CONSTRAINT "session_userId_fkey" FOREIGN KEY ("userId") REFERENCES "user" ("id") ON DELETE CASCADE ON UPDATE CASCADE
);
INSERT INTO session VALUES('qJ08WjJObh5axtNdthDLoDunQWuROnNV','2025-02-04T21:08:02.100+00:00','SK55NK8lIKFocz7kFDZ0HqLRWMKQc7le','2025-02-03T21:08:02.100+00:00','2025-02-03T21:08:02.100+00:00','','','D5NPgVnhF8XGNGeO4OE1pOZGXdQD2MMj','Mc9k77AnMCCSt4GDV5kadsm4Kkbnpq4y','64w6z_cvF3Dse3T5H46bf');
INSERT INTO session VALUES('dJVtvqc71QbmgCYUl6EnZTBStYo0aS6a','2025-02-10T21:14:02.605+00:00','vp72dzNxsKhYcnI3iHqGfLqESrTeW9j7','2025-02-03T21:14:02.618+00:00','2025-02-03T21:14:02.618+00:00','189.28.185.159','Mozilla/5.0 (Macintosh; Intel Mac OS X 10_15_7) AppleWebKit/537.36 (KHTML, like Gecko) Chrome/132.0.0.0 Safari/537.36','D5NPgVnhF8XGNGeO4OE1pOZGXdQD2MMj',NULL,'64w6z_cvF3Dse3T5H46bf');
INSERT INTO session VALUES('HfydqYmnZ8eiXcUOkp7nkE0NujeNsAno','2025-02-04T21:56:16.996+00:00','9idrE3IGjUoR3OorQJIwFxxOT0XlNukJ','2025-02-03T21:56:16.996+00:00','2025-02-03T21:56:16.996+00:00','','','D5NPgVnhF8XGNGeO4OE1pOZGXdQD2MMj','Mc9k77AnMCCSt4GDV5kadsm4Kkbnpq4y','64w6z_cvF3Dse3T5H46bf');
INSERT INTO session VALUES('nhPCBumYv3ZFHH45ckcwhYna0WrheYb0','2025-02-05T01:17:25.829+00:00','IszGmF4gc5axqVKXlt2buF4VqauLc5dP','2025-02-04T01:17:25.829+00:00','2025-02-04T01:17:25.829+00:00','','','D5NPgVnhF8XGNGeO4OE1pOZGXdQD2MMj','Mc9k77AnMCCSt4GDV5kadsm4Kkbnpq4y','64w6z_cvF3Dse3T5H46bf');
INSERT INTO session VALUES('0mv6EZ97OPffoknYouRNVMTNsSBsTvxj','2025-02-06T00:54:45.231+00:00','rsOzOH27bEl2ZGST60cNC0cICVKP6IG6','2025-02-05T00:54:45.231+00:00','2025-02-05T00:54:45.231+00:00','','','D5NPgVnhF8XGNGeO4OE1pOZGXdQD2MMj','Mc9k77AnMCCSt4GDV5kadsm4Kkbnpq4y','64w6z_cvF3Dse3T5H46bf');
INSERT INTO session VALUES('d9td3Cyph97uzsRBnWYxdb6BgCto2zZz','2025-02-07T00:22:27.236+00:00','VdB4qF3O38gHTrQuXuunw4eD8TXPzMbz','2025-02-06T00:22:27.236+00:00','2025-02-06T00:22:27.236+00:00','','','D5NPgVnhF8XGNGeO4OE1pOZGXdQD2MMj','Mc9k77AnMCCSt4GDV5kadsm4Kkbnpq4y','64w6z_cvF3Dse3T5H46bf');
INSERT INTO session VALUES('hx04DnUkY9ixpf689Q0UMDGLQpjpa9MG','2025-02-07T20:48:32.879+00:00','TA8r1M6mhJTXoiNG6pGTGRqYy2qpL1KE','2025-02-06T20:48:32.879+00:00','2025-02-06T20:48:32.879+00:00','','','D5NPgVnhF8XGNGeO4OE1pOZGXdQD2MMj','Mc9k77AnMCCSt4GDV5kadsm4Kkbnpq4y','64w6z_cvF3Dse3T5H46bf');
INSERT INTO session VALUES('HUu3jK0xrlUt81GKnJPGbae5Bz5lyznQ','2025-02-07T20:57:53.758+00:00','6KkcvFu1H5GlX28kX2UWyrgmCqrwZmbg','2025-02-06T20:57:53.758+00:00','2025-02-06T20:57:53.758+00:00','','','D5NPgVnhF8XGNGeO4OE1pOZGXdQD2MMj','Mc9k77AnMCCSt4GDV5kadsm4Kkbnpq4y','64w6z_cvF3Dse3T5H46bf');
INSERT INTO session VALUES('wzlrUKX6ggL5F43bKg6uHESzrFEQdX62','2025-02-08T01:03:09.955+00:00','JusshuLxSUsWWUNKi0cGSf9jcfAYuITc','2025-02-07T01:03:09.955+00:00','2025-02-07T01:03:09.955+00:00','','','D5NPgVnhF8XGNGeO4OE1pOZGXdQD2MMj','Mc9k77AnMCCSt4GDV5kadsm4Kkbnpq4y','64w6z_cvF3Dse3T5H46bf');
INSERT INTO session VALUES('JXWGHmo1k8fEhz9pt60vMO4gswOtJ6cA','2025-02-14T21:48:55.245+00:00','N5tev5OjlvxPyBDLAWSicmjomwS217Cv','2025-02-13T21:48:55.245+00:00','2025-02-13T21:48:55.245+00:00','','','D5NPgVnhF8XGNGeO4OE1pOZGXdQD2MMj','Mc9k77AnMCCSt4GDV5kadsm4Kkbnpq4y','64w6z_cvF3Dse3T5H46bf');
INSERT INTO session VALUES('Hf2ewFsEWFQ0f5ykKcWId3fz98QwCIRz','2025-02-16T15:35:36.896+00:00','jDPjokOCFjsrPcHTjqCWvcdM81f0d2fs','2025-02-15T15:35:36.896+00:00','2025-02-15T15:35:36.896+00:00','','','Mc9k77AnMCCSt4GDV5kadsm4Kkbnpq4y','Mc9k77AnMCCSt4GDV5kadsm4Kkbnpq4y',NULL);
INSERT INTO session VALUES('DovcZgxHpWgU5jTMb3fsVe521TG6cpli','2025-02-16T15:35:39.678+00:00','7LuD7G2Fy9XiHhyXBCXdzPaKOPHTlCKx','2025-02-15T15:35:39.678+00:00','2025-02-15T15:35:39.678+00:00','','','D5NPgVnhF8XGNGeO4OE1pOZGXdQD2MMj','Mc9k77AnMCCSt4GDV5kadsm4Kkbnpq4y','64w6z_cvF3Dse3T5H46bf');
INSERT INTO session VALUES('etawjqV8mLrPYFdaIa02LZIANw97p4YI','2025-02-25T00:20:41.726+00:00','vFOpRjOK9qxSYkPgGkgkZUHRaqrvZe1H','2025-02-18T00:20:41.727+00:00','2025-02-18T00:20:41.727+00:00','177.54.63.205','Mozilla/5.0 (Windows NT 10.0; Win64; x64) AppleWebKit/537.36 (KHTML, like Gecko) Chrome/133.0.0.0 Safari/537.36','Mc9k77AnMCCSt4GDV5kadsm4Kkbnpq4y',NULL,NULL);
INSERT INTO session VALUES('RLJLalAPzI49YQilSCd9SpAYrQI7iRD7','2025-02-19T00:20:59.678+00:00','KaKHxlNnwDlNWjPoGUhA0E4rqUxObohY','2025-02-18T00:20:59.678+00:00','2025-02-18T00:20:59.678+00:00','','','Mc9k77AnMCCSt4GDV5kadsm4Kkbnpq4y','Mc9k77AnMCCSt4GDV5kadsm4Kkbnpq4y',NULL);
INSERT INTO session VALUES('fh9kf6cbH9rTR5InLYdWtJkREacufGhM','2025-02-19T00:21:05.978+00:00','PaAjmVfDRKEPKdJg9CHyWpnWAOvpfdoZ','2025-02-18T00:21:05.978+00:00','2025-02-18T00:21:05.978+00:00','','','D5NPgVnhF8XGNGeO4OE1pOZGXdQD2MMj','Mc9k77AnMCCSt4GDV5kadsm4Kkbnpq4y','64w6z_cvF3Dse3T5H46bf');
CREATE TABLE IF NOT EXISTS "account" (
    "id" TEXT NOT NULL PRIMARY KEY,
    "accountId" TEXT NOT NULL,
    "providerId" TEXT NOT NULL,
    "userId" TEXT NOT NULL,
    "accessToken" TEXT,
    "refreshToken" TEXT,
    "idToken" TEXT,
    "accessTokenExpiresAt" DATETIME,
    "refreshTokenExpiresAt" DATETIME,
    "scope" TEXT,
    "password" TEXT,
    "createdAt" DATETIME NOT NULL DEFAULT CURRENT_TIMESTAMP,
    "updatedAt" DATETIME NOT NULL,
    CONSTRAINT "account_userId_fkey" FOREIGN KEY ("userId") REFERENCES "user" ("id") ON DELETE CASCADE ON UPDATE CASCADE
);
INSERT INTO account VALUES('c1MKldnzRcchEbPn9ftWMmfKxmW9kMHH','D5NPgVnhF8XGNGeO4OE1pOZGXdQD2MMj','credential','D5NPgVnhF8XGNGeO4OE1pOZGXdQD2MMj',NULL,NULL,NULL,NULL,NULL,NULL,'d74bc0e6e993d4e067c43ed9df8b4d00:1d786dcc9ca3bdb211069463864a3612ccddb83e903c8aed8669d71808be8f3f75e93d9a7d57b886079532cc764148bb37e8686cea55685306636d70a90becbc','2025-02-03T20:37:57.919+00:00','2025-02-03T20:37:57.919+00:00');
INSERT INTO account VALUES('lkS8pNrYl4RHNXfabRtHztZJhwhb1nf7','Mc9k77AnMCCSt4GDV5kadsm4Kkbnpq4y','credential','Mc9k77AnMCCSt4GDV5kadsm4Kkbnpq4y',NULL,NULL,NULL,NULL,NULL,NULL,'eeed39f8a2dd2324711768a240f723b9:61c4e44d07fa429de40d51fbfb6b7573d1d0a1c9bafc650826f926a428a9212688bf36cc73576acc96b0ff8fffdfe407aeddfcceac6ab00ac14b888f4308c49e','2025-02-03T21:04:26.297+00:00','2025-02-03T21:04:26.297+00:00');
CREATE TABLE IF NOT EXISTS "verification" (
    "id" TEXT NOT NULL PRIMARY KEY,
    "identifier" TEXT NOT NULL,
    "value" TEXT NOT NULL,
    "expiresAt" DATETIME NOT NULL,
    "createdAt" DATETIME NOT NULL DEFAULT CURRENT_TIMESTAMP,
    "updatedAt" DATETIME NOT NULL
);
CREATE TABLE IF NOT EXISTS "organization" (
    "id" TEXT NOT NULL PRIMARY KEY,
    "name" TEXT NOT NULL,
    "slug" TEXT,
    "logo" TEXT,
    "createdAt" DATETIME NOT NULL DEFAULT CURRENT_TIMESTAMP,
    "updatedAt" DATETIME NOT NULL,
    "metadata" TEXT
);
INSERT INTO organization VALUES('64w6z_cvF3Dse3T5H46bf','Melomar Clínica Médica','melomar-clinica-medica',NULL,'2025-02-03T20:37:57.706+00:00','2025-02-03T20:37:57.706+00:00',NULL);
CREATE TABLE IF NOT EXISTS "member" (
    "id" TEXT NOT NULL PRIMARY KEY,
    "organizationId" TEXT NOT NULL,
    "userId" TEXT NOT NULL,
    "role" TEXT NOT NULL,
    "createdAt" DATETIME NOT NULL DEFAULT CURRENT_TIMESTAMP,
    "updatedAt" DATETIME NOT NULL,
    CONSTRAINT "member_organizationId_fkey" FOREIGN KEY ("organizationId") REFERENCES "organization" ("id") ON DELETE CASCADE ON UPDATE CASCADE,
    CONSTRAINT "member_userId_fkey" FOREIGN KEY ("userId") REFERENCES "user" ("id") ON DELETE CASCADE ON UPDATE CASCADE
);
INSERT INTO member VALUES('MlMky21-Lwpwr7p7MDeEw','64w6z_cvF3Dse3T5H46bf','D5NPgVnhF8XGNGeO4OE1pOZGXdQD2MMj','owner','2025-02-03T20:37:57.947+00:00','2025-02-03T20:37:57.947+00:00');
CREATE TABLE IF NOT EXISTS "invitation" (
    "id" TEXT NOT NULL PRIMARY KEY,
    "organizationId" TEXT NOT NULL,
    "email" TEXT NOT NULL,
    "role" TEXT,
    "status" TEXT NOT NULL,
    "expiresAt" DATETIME NOT NULL,
    "createdAt" DATETIME NOT NULL DEFAULT CURRENT_TIMESTAMP,
    "inviterId" TEXT NOT NULL,
    CONSTRAINT "invitation_organizationId_fkey" FOREIGN KEY ("organizationId") REFERENCES "organization" ("id") ON DELETE CASCADE ON UPDATE CASCADE,
    CONSTRAINT "invitation_inviterId_fkey" FOREIGN KEY ("inviterId") REFERENCES "user" ("id") ON DELETE CASCADE ON UPDATE CASCADE
);
CREATE TABLE IF NOT EXISTS "cid" (
    "id" TEXT NOT NULL PRIMARY KEY,
    "code" TEXT NOT NULL,
    "description" TEXT NOT NULL
);
INSERT INTO cid VALUES('zV7PQBg5qwSBSfDtAwO2z','A00','Cólera');
INSERT INTO cid VALUES('LdCeHf0B9QRv-hq6nzwNo','A01','Febres tifóide e paratifóide');
INSERT INTO cid VALUES('HuZYpG4VqsI8JCeaz3tsm','A02','Outras infecções por Salmonella');
INSERT INTO cid VALUES('zk5C9PHs2mEvVmuPDqtjV','A03','Shiguelose');
INSERT INTO cid VALUES('IFqPczIoPg3HDdM-bTW0G','A04','Outras infecções intestinais bacterianas');
INSERT INTO cid VALUES('_4KZ_I1YUlVkwyZWUTOz9','A05','Outras intoxicações alimentares bacterianas, não classificadas em outra parte');
INSERT INTO cid VALUES('Wj96yjCpQ8UoxgQ6yHm49','A06','Amebíase');
INSERT INTO cid VALUES('obuxcVpWNIEoWsVPq5pjx','A07','Outras doenças intestinais por protozoários');
INSERT INTO cid VALUES('KH11syMLWCmeKuUS88l0M','A08','Infecções intestinais virais, outras e as não especificadas');
INSERT INTO cid VALUES('SNQ0Fs2F6qxyJy89q7ilW','A09','Diarréia e gastroenterite de origem infecciosa presumível');
INSERT INTO cid VALUES('J9UPKRIXG48vCdDJVeOtV','A15','Tuberculose respiratória, com confirmação bacteriológica e histológica');
INSERT INTO cid VALUES('_TZSDFYHPWlORYiC1hNxE','A16','Tuberculose das vias respiratórias, sem confirmação bacteriológica ou histológica');
INSERT INTO cid VALUES('bOocpzpPLPEJ0FOc-ZG5O','A17','Tuberculose do sistema nervoso');
INSERT INTO cid VALUES('YR_hR9tXzYg2kGqXAPPXE','A18','Tuberculose de outros órgãos');
INSERT INTO cid VALUES('B3pQJ7uiR3V7xm2vgN7SZ','A19','Tuberculose miliar');
INSERT INTO cid VALUES('7FvGhdIXMbGwPeSR307jq','A20','Peste');
INSERT INTO cid VALUES('O_57zyQMVHgbTOHeUId84','A21','Tularemia');
INSERT INTO cid VALUES('4QwYDQg_xjDHeolkjdUmq','A22','Carbúnculo');
INSERT INTO cid VALUES('zTReG63ia1g_T0ZyPMBxB','A23','Brucelose');
INSERT INTO cid VALUES('t44VUCiZGEfiYOEsVkArZ','A24','Mormo e melioidose');
INSERT INTO cid VALUES('Zc9tFLzvuOAiVdrJ1-ysF','A25','Febres transmitidas por mordedura de rato  Versão 2008 de acordo com o Ministério da Saúde. Para mais informações sobre   a   CID-10, acesse o website do Ministério da Saúde: www.datasus.saude.gov.br.  Sergipe  Classificação Internacional de Doenças   - CID 10');
INSERT INTO cid VALUES('k8UJfcEwn7mz30PyedGJT','A26','Erisipelóide');
INSERT INTO cid VALUES('Gdz8bM4JOTG0e2fVYJPKG','A27','Leptospirose');
INSERT INTO cid VALUES('D-OCtmNgvy8D-ppuBf87m','A28','Outras doenças bacterianas zoonóticas não classificadas em outra parte');
INSERT INTO cid VALUES('uth5PERHoWsZBnUmlNpSx','A30','Hanseníase [doença de Hansen] [lepra]');
INSERT INTO cid VALUES('KxF1EDFSe9cODVcRaqqcB','A31','Infecções devidas a outras micobactérias');
INSERT INTO cid VALUES('j8T7CHol_jGDZWqR1PTS0','A32','Listeriose [listeríase]');
INSERT INTO cid VALUES('pvqZnnrzy1XM7_gRcD3qj','A33','Tétano do recém-nascido [neonatal]');
INSERT INTO cid VALUES('WDwj9kM6VBAKz4XByV8CK','A34','Tétano obstétrico');
INSERT INTO cid VALUES('dF385wfidhgUzWvZTKlAw','A35','Outros tipos de tétano');
INSERT INTO cid VALUES('ZvrDUoRr8CUeQwJ518fZU','A36','Difteria');
INSERT INTO cid VALUES('oYCAa7yExxts4cthjN3VA','A37','Coqueluche');
INSERT INTO cid VALUES('MQ67Ix6RojJ4xore6Mb-I','A38','Escarlatina');
INSERT INTO cid VALUES('4iVH7dF65No2v73d5nih8','A39','Infecção meningogócica');
INSERT INTO cid VALUES('soAX6BTsC2gBJf6vht8wc','A40','Septicemia estreptocócica');
INSERT INTO cid VALUES('NsBe7UckEQeLEleji52eO','A41','Outras septicemias');
INSERT INTO cid VALUES('LNVjhJ5saSrL-SVdFv09W','A42','Actinomicose');
INSERT INTO cid VALUES('29Sr9Z-xl5z7DJZHjZ_hp','A43','Nocardiose');
INSERT INTO cid VALUES('oMWYMz0gqAiaFTAqufQQg','A44','Bartonelose');
INSERT INTO cid VALUES('WD3FkuN3BzAP5xtYEl7zX','A46','Erisipela');
INSERT INTO cid VALUES('gt9gb37-4nOejtHa4tX5a','A48','Outras doenças bacterianas não classificadas em outra parte');
INSERT INTO cid VALUES('RmBc5iKTiBVSSy09rb1vt','A49','Infecção bacteriana de localização não especificada');
INSERT INTO cid VALUES('b-tdl1IAeFvMQxKSVar6h','A50','Sífilis congênita');
INSERT INTO cid VALUES('3x186IyuY4fcazEwaNo7g','A51','Sífilis precoce');
INSERT INTO cid VALUES('eXEYOSFBCnh8qNbBSUA6s','A52','Sífilis tardia');
INSERT INTO cid VALUES('OyfK6WeTmQH2YBHK-6vaN','A53','Outras formas e as não especificadas da sífilis');
INSERT INTO cid VALUES('K3Vckh_7TsGHRrDySW0wQ','A54','Infecção gonocócica');
INSERT INTO cid VALUES('Qx-IOVs9uN9xN1eF_lPKY','A55','Linfogranuloma (venéreo) por clamídia');
INSERT INTO cid VALUES('UyEPKDFBFWoc2IavfZfl0','A56','Outras infecções causadas por clamídias transmitidas por via sexual');
INSERT INTO cid VALUES('vozxDG2M6pLGi6BbMrb6U','A57','Cancro mole');
INSERT INTO cid VALUES('TwCDt4Q-F30ypT4C9lGWZ','A58','Granuloma inguinal');
INSERT INTO cid VALUES('2UFQrVjWJzg-tCqIGnjLc','A59','Tricomoníase');
INSERT INTO cid VALUES('4l4yJ3Fe-MhlPUn6yzaJB','A60','Infecções anogenitais pelo vírus do herpes [herpes simples]');
INSERT INTO cid VALUES('jbWBZI8N8Alv8ig5ySKuG','A63','Outras doenças de transmissão predominantemente sexual, não classificadas em outra parte');
INSERT INTO cid VALUES('8mq1wEA7yLUAcpTB2uR4r','A64','Doenças sexualmente transmitidas, não especificadas');
INSERT INTO cid VALUES('y_pOMYVIvMZMjWJnXLdsN','A65','Sífilis não-venérea');
INSERT INTO cid VALUES('PcY7QuPwm8uppWiWaxx2p','A66','Bouba');
INSERT INTO cid VALUES('mKr-pMoUfK1VbMHmYehgN','A67','Pinta [carate]');
INSERT INTO cid VALUES('e4VagBkynsZz_sOgPaDm0','A68','Febres recorrentes [Borrelioses]');
INSERT INTO cid VALUES('28Go7ILSmJFuIUrrRX0rh','A69','Outras infecções por espiroquetas');
INSERT INTO cid VALUES('u_UCcrlDeJZe1g4s2vI4S','A70','Infecções causadas por Clamídia psittaci');
INSERT INTO cid VALUES('1TLwdokhoL86u-Dzcw8kM','A71','Tracoma');
INSERT INTO cid VALUES('kHo6_M10Ui5sz6srdaGG7','A74','Outras doenças causadas por Clamídias');
INSERT INTO cid VALUES('6O7dqU82nRNOoAbvHZHCB','A75','Tifo exantemático');
INSERT INTO cid VALUES('XQRVQ-ZmIURxErI0ZSUTK','A77','Febre maculosa [rickettsioses transmitidas por carrapatos]');
INSERT INTO cid VALUES('PhGaC2TYxjsZpKu1978V7','A78','Febre Q');
INSERT INTO cid VALUES('EeNaoKW373dPQZJlxZpbA','A79','Outras rickettsioses');
INSERT INTO cid VALUES('ExkDuNOYhq_pN211tDJDY','A80','Poliomielite aguda');
INSERT INTO cid VALUES('d9itgf6NIU47kCku3MFQw','A81','Infecções por vírus atípicos do sistema nervoso central');
INSERT INTO cid VALUES('rtOwfuErwfThWGuNQUC81','A82','Raiva');
INSERT INTO cid VALUES('pX9bgQ9FJIsS1Y-vY-1XB','A83','Encefalite por vírus transmitidos por mosquitos');
INSERT INTO cid VALUES('3fn2zcXqBgHot3WXzen8z','A84','Encefalite por vírus transmitido por carrapatos');
INSERT INTO cid VALUES('-dDiz2SiIWeTgcrmlJmAT','A85','Outras encefalites virais, não classificadas em outra parte');
INSERT INTO cid VALUES('JMNfu5HY3SpryMHybTGy_','A86','Encefalite viral, não especificada');
INSERT INTO cid VALUES('SsLxL9u5hoi8dONkEYPwn','A87','Meningite viral');
INSERT INTO cid VALUES('WWHegeisXZV3dZnmXBFZ0','A88','Outras infecções virais do sistema nervoso central não classificadas em outra parte');
INSERT INTO cid VALUES('9scXPNcjxQIguhtoYVR5C','A89','Infecções virais não especificadas do sistema nervoso central');
INSERT INTO cid VALUES('nEmO-6jRVf76I_-xUmMro','A90','Dengue [dengue clássico]');
INSERT INTO cid VALUES('ZO-nwanUycfuUCgzqOA7T','A91','Febre hemorrágica devida ao vírus do dengue');
INSERT INTO cid VALUES('N7z6miUWCpSOOrnjT9I8h','A92','Outras febres virais transmitidas por mosquitos');
INSERT INTO cid VALUES('dRGyzMdr3UVKeECDXVIID','A93','Outras febres por vírus transmitidas por artrópodes não classificadas em outra parte');
INSERT INTO cid VALUES('_FmG8-VHAVBPFAXJdNOHn','A94','Febre viral transmitida por artrópodes, não especificada');
INSERT INTO cid VALUES('ZYlpb5NbzhBK2S-kAFbFi','A95','Febre amarela');
INSERT INTO cid VALUES('OzHSH5eR0W41udX2voesJ','A96','Febre hemorrágica por arenavírus');
INSERT INTO cid VALUES('qey7ltEu77Ye2sFJFulrS','A98','Outras febres hemorrágicas por vírus, não classificadas em outra parte');
INSERT INTO cid VALUES('yPGlHGEEwh15GCibqQbKV','A99','Febres hemorrágicas virais não especificadas');
INSERT INTO cid VALUES('EWg7UF16VU_czytrj-wgS','B00','Infecções pelo vírus do herpes [herpes simples]');
INSERT INTO cid VALUES('Ww4KUF0BfsalvWNuZmn1f','B01','Varicela [Catapora]');
INSERT INTO cid VALUES('ytQhkXkHhjLKVT0w4Qo0C','B02','Herpes zoster [Zona]');
INSERT INTO cid VALUES('SZRHWS5SmCIXS-xSYh1kP','B03','Varíola');
INSERT INTO cid VALUES('s0RRPNC09fiKXiZANUtiF','B04','Varíola dos macacos [Monkeypox]');
INSERT INTO cid VALUES('4tLx_NlVREcK-7BWmwKuY','B05','Sarampo');
INSERT INTO cid VALUES('Wj2lFaEdaI1zIus57xMCr','B06','Rubéola');
INSERT INTO cid VALUES('hrVGu08dzFHNUP7mhDvoZ','B07','Verrugas de origem viral');
INSERT INTO cid VALUES('7_G77V8nGYuSLUmBSWZHF','B08','Outras infecções virais caracterizadas por lesões da pele e das membranas mucosas, não classificadas em outra parte');
INSERT INTO cid VALUES('U2DBOfMgDWWO2z_YDjoPQ','B09','Infecção viral não especificada caracterizada por lesões da pele e membranas mucosas');
INSERT INTO cid VALUES('kYI4AaKyIMGgEbX53WcCN','B15','Hepatite aguda A');
INSERT INTO cid VALUES('gUK5-bzb-v4JvgcpqdEuG','B16','Hepatite aguda B');
INSERT INTO cid VALUES('Qe3dDgbKUR8xhD-O5CcDi','B17','Outras hepatites virais agudas');
INSERT INTO cid VALUES('ToAo6gNFpnFs0xI3NuIsG','B18','Hepatite viral crônica');
INSERT INTO cid VALUES('_ZvIuzyahnmLMlhXXNl3h','B19','Hepatite viral não especificada');
INSERT INTO cid VALUES('atMWK4P4tOpt3hDSre38C','B20','Doença pelo vírus da imunodeficiência humana [HIV], resultando em doenças infecciosas e parasitárias');
INSERT INTO cid VALUES('aRrfyOXDz5JIsdbcpHu9P','B21','Doença pelo vírus da imunodeficiência humana [HIV], resultando em neoplasias malignas');
INSERT INTO cid VALUES('7LLn-z_Ge74ZwPDlIh60K','B22','Doença pelo vírus da imunodeficiência humana [HIV] resultando em outras doenças especificadas');
INSERT INTO cid VALUES('w6wPltUdpmRjdWiO9QWFz','B23','Doença pelo vírus da imunodeficiência humana [HIV] resultando em outras doenças');
INSERT INTO cid VALUES('5SOO0uk5hQEV_6rjffevb','B24','Doença pelo vírus da imunodeficiência humana [HIV] não especificada');
INSERT INTO cid VALUES('zYNlYQD4Ke3Zn2GXN5LKG','B25','Doença por citomegalovírus');
INSERT INTO cid VALUES('wGJNJGL6_diexd_9bGC5Y','B26','Caxumba [Parotidite epidêmica]');
INSERT INTO cid VALUES('kum_3v-wWYmk-eHKRz_xe','B27','Mononucleose infecciosa');
INSERT INTO cid VALUES('7kS1XTIryXg7hhDqB-L7G','B30','Conjuntivite viral');
INSERT INTO cid VALUES('l_Otzl-7vBuSBezlQSeun','B33','Outras doenças por vírus não classificada em outra parte');
INSERT INTO cid VALUES('orwqjgOWNlA43OasbRcz4','B34','Doenças por vírus, de localização não especificada');
INSERT INTO cid VALUES('hCHBZ0pJWUOS9_uHc06Wi','B35','Dermatofitose');
INSERT INTO cid VALUES('xvHmi-9muEg0UuxKaMvXn','B36','Outras micoses superficiais');
INSERT INTO cid VALUES('5CM0KmRK2tA7qpc9uN0Oa','B37','Candidíase');
INSERT INTO cid VALUES('hZaWmqLvIjzVYLXvXGHMk','B38','Coccidioidomicose');
INSERT INTO cid VALUES('OYMaKolFu_2aCIaQcc0ji','B39','Histoplasmose');
INSERT INTO cid VALUES('ta79qmdQQXgg26WL1cZXW','B40','Blastomicose');
INSERT INTO cid VALUES('0Oyb_UROXMiVBfjSLXfuD','B41','Paracoccidioidomicose');
INSERT INTO cid VALUES('oCVJEuFHBLtHyiXF7Xse5','B42','Esporotricose');
INSERT INTO cid VALUES('MhB3-ByQlC6hwNukNdLhj','B43','Cromomicose e abscesso feomicótico');
INSERT INTO cid VALUES('BZOsnXW-zxKyMJsNzXSBa','B44','Aspergilose');
INSERT INTO cid VALUES('N-dPJJ1VL6DaYs1YpxgsM','B45','Criptococose');
INSERT INTO cid VALUES('I3MBRrOIBqVSlI0tjK02D','B46','Zigomicose');
INSERT INTO cid VALUES('HJ_lruS0ZrC8dq1mgxeJ4','B47','Micetoma');
INSERT INTO cid VALUES('4tRjwSGsObhmTFpknGdnw','B48','Outras micoses, não classificadas em outra parte');
INSERT INTO cid VALUES('ZzOaOLhdszidmhAjNU6Ch','B49','Micose não especificada');
INSERT INTO cid VALUES('8VwtvPg8jk68ablExz9tY','B50','Malária por Plasmodium falciparum');
INSERT INTO cid VALUES('BTF7Q919fGCX2fGKJhgSW','B51','Malária por Plasmodium vivax');
INSERT INTO cid VALUES('H5lmw2Dp3jIWIMM6iT7Ue','B52','Malária por Plasmodium malariae');
INSERT INTO cid VALUES('W5oUzcOoKohJtoydH-JHC','B53','Outras formas de malária confirmadas por exames parasitológicos');
INSERT INTO cid VALUES('_fukxS1V51kS95TxLU5IZ','B54','Malária não especificada');
INSERT INTO cid VALUES('Ext1wqd4fZ_mX0XO-Y4g_','B55','Leishmaniose');
INSERT INTO cid VALUES('meaH3mB218GcUISBc5zVY','B56','Tripanossomíase africana');
INSERT INTO cid VALUES('eL7vqhjMaaSnzEvElr33j','B57','Doença de Chagas');
INSERT INTO cid VALUES('D3qx07djP7MDnccGi7oc3','B58','Toxoplasmose');
INSERT INTO cid VALUES('5u7nuE9HDZo9VheV354i5','B59','Pneumocistose');
INSERT INTO cid VALUES('e1qt1cU9tDa0wfyc10BSf','B60','Outras doenças devidas a protozoários, não classificadas em outra parte');
INSERT INTO cid VALUES('McRPzi4R-g8ZNX8lPf9dM','B64','Doença não especificada devida a protozoários');
INSERT INTO cid VALUES('wkKltgpKdLcweM8Uy4z9p','B65','Esquistossomose [bilharziose] [Schistosomíase]');
INSERT INTO cid VALUES('KJPZ3qFhgSAvtnnv-wkNQ','B66','Outras infestações por trematódeos');
INSERT INTO cid VALUES('fEHiGD6sN9BrgAH17y6E_','B67','Equinococose');
INSERT INTO cid VALUES('gIkdoel32nXwyhYrr59eH','B68','Infestação por Taenia');
INSERT INTO cid VALUES('r5u6kFMJrINqiNAmf2SYm','B69','Cisticercose');
INSERT INTO cid VALUES('fdnYUEDQBNA9kPq2Z0BHh','B70','Difilobotríase e esparganose');
INSERT INTO cid VALUES('w-G76QkECyu5dDE3B51uk','B71','Outras infestações por cestóides');
INSERT INTO cid VALUES('K9WwQDqY_-5Nqe8Bp5G6C','B72','Dracontíase');
INSERT INTO cid VALUES('iNy85dB7bERWlqwnXrd0K','B73','Oncocercose');
INSERT INTO cid VALUES('4YYwP2QQxtYc5l4VqiLdB','B74','Filariose');
INSERT INTO cid VALUES('bK328sCLTJWLrJ3kVDccn','B75','Triquinose');
INSERT INTO cid VALUES('17gTLHxKxUi7O9yk6n_al','B76','Ancilostomíase');
INSERT INTO cid VALUES('qQmIBcWPJJM1M16kD_aMD','B77','Ascaridíase');
INSERT INTO cid VALUES('eFDwZ9nD9gaLPt1xxDbZi','B78','Estrongiloidíase');
INSERT INTO cid VALUES('LLD6uNOl9mItbw4TBgiJI','B79','Tricuríase');
INSERT INTO cid VALUES('LTrv0QqjG6MSHmnKEbF0r','B80','Oxiuríase');
INSERT INTO cid VALUES('bPTclrUgw1g0BA9bYLNA6','B81','Outras helmintíases intestinais, não classificadas em outra parte');
INSERT INTO cid VALUES('QNxa8hQuR_umN1k1eSLHn','B82','Parasitose intestinal não especificada');
INSERT INTO cid VALUES('Li2tYbt8YxHvMmUIbHOQ6','B83','Outras helmintíases');
INSERT INTO cid VALUES('7_3Fpfuz1Q8FDERa46ULA','B85','Pediculose e ftiríase');
INSERT INTO cid VALUES('nyEcdpyukYbSn60dmtHpK','B86','Escabiose [sarna]');
INSERT INTO cid VALUES('GnYGHz0Ves4Hj1P8LHMUM','B87','Miíase');
INSERT INTO cid VALUES('K4Olfhu2Un-Mg5jhib_RX','B88','Outras infestações');
INSERT INTO cid VALUES('dc12ZgM8CLK7_MMMAUi9X','B89','Doença parasitária não especificada');
INSERT INTO cid VALUES('WxjtTKMoXKAtWH1zjaQuz','B90','Seqüelas de tuberculose');
INSERT INTO cid VALUES('fo4UR_RtrT_NmZVF21yWp','B91','Seqüelas de poliomielite');
INSERT INTO cid VALUES('n2uZdWCLvdxBVXpwYKvZJ','B92','Seqüelas de hanseníase [lepra]');
INSERT INTO cid VALUES('xFuoN0DEOM5osPkw1Dhjk','B94','Seqüelas de outras doenças infecciosas e parasitárias e das não especificadas');
INSERT INTO cid VALUES('KWSkV9elUxWl6Z542P6vk','B95','Estreptococos e estafilococos como causa de doenças classificadas em outros capítulos');
INSERT INTO cid VALUES('MDcl_L6xmbCn0A8yZ61sK','B96','Outros agentes bacterianos, como causa de doenças classificadas em outros capítulos');
INSERT INTO cid VALUES('TDRT_MkEPK2s316uaWY70','B97','Vírus como causa de doenças classificadas em outros capítulos');
INSERT INTO cid VALUES('4BEI-wdW54NNHa_beiSs6','B99','Doenças infecciosas, outras e as não especificadas');
INSERT INTO cid VALUES('KeSPf8xmx-bJjhvvyy4yS','C00','Neoplasia maligna do lábio');
INSERT INTO cid VALUES('9cbcDMb3hkiiRFRfdNysb','C01','Neoplasia maligna da base da língua');
INSERT INTO cid VALUES('DrO9yXZ4urC5CnKfzn733','C02','Neoplasia maligna de outras partes e de partes não especificadas da língua');
INSERT INTO cid VALUES('KOmOw7yy_LJLEy9caJWxR','C03','Neoplasia maligna da gengiva');
INSERT INTO cid VALUES('1f7-3tfx81TSQylnbW97L','C04','Neoplasia maligna do assoalho da boca');
INSERT INTO cid VALUES('WYH_NBTsJhR6iAbTrBgj-','C05','Neoplasia maligna do palato');
INSERT INTO cid VALUES('aLIoCcO-qM2Wp42GtMuWb','C06','Neoplasia maligna de outras partes e de partes não especificadas da boca');
INSERT INTO cid VALUES('I028MGzolRLMDs5vZmvh7','C07','Neoplasia maligna da glândula parótida');
INSERT INTO cid VALUES('dZPkdM2TlkNdSgfH4KoAq','C08','Neoplasia maligna de outras glândulas salivares maiores e as não especificadas');
INSERT INTO cid VALUES('yMUGPCH8oNh08kptvP6V2','C09','Neoplasia maligna da amígdala');
INSERT INTO cid VALUES('yKdqDoJuVwydUIMEd44Wy','C10','Neoplasia maligna da orofaringe');
INSERT INTO cid VALUES('gh-H8UYWyDfWOCMhT0Lvd','C11','Neoplasia maligna da nasofaringe');
INSERT INTO cid VALUES('Sr66R9r0smcdC2fNwac3_','C12','Neoplasia maligna do seio piriforme');
INSERT INTO cid VALUES('c5HDZcAo8NS0G26p2jIRd','C13','Neoplasia maligna da hipofaringe');
INSERT INTO cid VALUES('mL6TnYzs7iVd3KRqUYh1t','C14','Neoplasia maligna de outras localizações e de localizações mal de  nida, do lábio, cavidade oral e faringe');
INSERT INTO cid VALUES('39z4etbi2KMDCUG5G4uyb','C15','Neoplasia maligna do esôfago');
INSERT INTO cid VALUES('7fzusbu0mYt6IcEotF736','C16','Neoplasia maligna do estômago');
INSERT INTO cid VALUES('IsfdQHpL8vZRQV0KfeA1h','C17','Neoplasia maligna do intestino delgado');
INSERT INTO cid VALUES('fwkH0WKF76SNG3XleG_yw','C18','Neoplasia maligna do cólon');
INSERT INTO cid VALUES('CJpL7bga_gIWtAhNrjM5Z','C19','Neoplasia maligna da junção retossigmóide');
INSERT INTO cid VALUES('ONJ2LF79VFOcQRLyG8KL3','C20','Neoplasia maligna do reto');
INSERT INTO cid VALUES('2tRS4SXAFlsxukZbQHmEH','C21','Neoplasia maligna do ânus e do canal anal');
INSERT INTO cid VALUES('JChadn7ing9Ab4WhmWfAO','C22','Neoplasia maligna do fígado e das vias biliares intra-hepáticas');
INSERT INTO cid VALUES('SN8ZMA03oM7uIQJV5YWMj','C23','Neoplasia maligna da vesícula biliar');
INSERT INTO cid VALUES('5PUVRRijpt6DdK2hmBtSK','C24','Neoplasia maligna de outras partes, e de partes não especi  cadas das vias biliares');
INSERT INTO cid VALUES('DC0OoegDzU7au9NT31m8A','C25','Neoplasia maligna do pâncreas');
INSERT INTO cid VALUES('-QmNQmkgexjL1iAeuVNDn','C26','Neoplasia maligna de outros órgãos digestivos e de localizações mal de  nidas no aparelho digestivo');
INSERT INTO cid VALUES('6h17YCubzl5d1_IqP4TEh','C30','Neoplasia maligna da cavidade nasal e do ouvido médio');
INSERT INTO cid VALUES('RY-yMLPYBsFdSUPsYyfIn','C31','Neoplasia maligna dos seios da face');
INSERT INTO cid VALUES('IQqGVlm5tdDrYafGcmWl_','C32','Neoplasia maligna da laringe');
INSERT INTO cid VALUES('BbphY1yfzdjkak8UBMPeG','C33','Neoplasia maligna da traquéia');
INSERT INTO cid VALUES('QBnScyk2g4JN_6J-dSZ94','C34','Neoplasia maligna dos brônquios e dos pulmões');
INSERT INTO cid VALUES('rr7geOjswoSmOFPNdf-nz','C37','Neoplasia maligna do timo');
INSERT INTO cid VALUES('eoMCc_H5Mra3bxnySEwrm','C38','Neoplasia maligna do coração, mediastino e pleura');
INSERT INTO cid VALUES('NkSPyu3v-XTPExUG7VMSg','C39','Neoplasia maligna de outras localizações e de localizações mal de  nidas do aparelho respiratório e dos órgãos intratorácicos');
INSERT INTO cid VALUES('Koozha4pkQ1REQmG4IUSv','C40','Neoplasia maligna dos ossos e cartilagens articulares dos membros');
INSERT INTO cid VALUES('DBNg81zFn6imcA6hBUumz','C41','Neoplasia maligna dos ossos e das cartilagens articulares de outras localizações e de localizações não especi  cadas');
INSERT INTO cid VALUES('dNp3XggtHn8bgnlSvJDmG','C43','Melanoma maligno da pele');
INSERT INTO cid VALUES('bCBUl_CTJKiewqaFlOQU1','C44','Outras neoplasias malignas da pele');
INSERT INTO cid VALUES('ZjUlikgvopDHbIm1nUxQT','C45','Mesotelioma');
INSERT INTO cid VALUES('J4xnTDMaSOQY8GIiltTyr','C46','Sarcoma de Kaposi');
INSERT INTO cid VALUES('AfvqzoY8XEFoUfiEQ7wgx','C47','Neoplasia maligna dos nervos periféricos e do sistema nervoso autônomo');
INSERT INTO cid VALUES('OoCsmlW38kAkS-InqpV92','C48','Neoplasia maligna dos tecidos moles do retroperitônio e do peritônio');
INSERT INTO cid VALUES('ZjQIiQG9_4x-PXuEqtOpU','C49','Neoplasia maligna do tecido conjuntivo e de outros tecidos moles');
INSERT INTO cid VALUES('_waa462ADRixnXdFZDOuS','C50','Neoplasia maligna da mama');
INSERT INTO cid VALUES('kfYvAfsHIt0M-dieAzaKL','C51','Neoplasia maligna da vulva');
INSERT INTO cid VALUES('jUBdZMQK_gn9gGPCK31tw','C52','Neoplasia maligna da vagina');
INSERT INTO cid VALUES('cSCyqA5kFayonkYxxmk3m','C53','Neoplasia maligna do colo do útero');
INSERT INTO cid VALUES('b_tToiHYBNuYLO-Iabp9H','C54','Neoplasia maligna do corpo do útero');
INSERT INTO cid VALUES('z8mSD3_AphDC3y4nxYP1w','C55','Neoplasia maligna do útero, porção não especi  cada');
INSERT INTO cid VALUES('MPrTXKIp25nY3GjkRJ7Ty','C56','Neoplasia maligna do ovário');
INSERT INTO cid VALUES('5p4krYLAEJk6_ZfGdurI8','C57','Neoplasia maligna de outros órgãos genitais femininos e dos não especificados');
INSERT INTO cid VALUES('oAAkIA55SgTstRuPgfxc9','C58','Neoplasia maligna da placenta');
INSERT INTO cid VALUES('4QLq1Wu6zj-kGxPiy63IV','C60','Neoplasia maligna do pênis');
INSERT INTO cid VALUES('qKAlL_8YBmQJVE31tRg9v','C61','Neoplasia maligna da próstata');
INSERT INTO cid VALUES('Mi2jiaGkXPm92sJoyqor6','C62','Neoplasia maligna dos testículos');
INSERT INTO cid VALUES('vR7OQ63zAZHHVh3npMUkA','C63','Neoplasia maligna de outros órgãos genitais masculinos e dos não especificados');
INSERT INTO cid VALUES('kq8ewB9ZA4RCdiTDp1nsB','C64','Neoplasia maligna do rim, exceto pelve renal');
INSERT INTO cid VALUES('wEgfh-Q_jEQbbk-8cWw5X','C65','Neoplasia maligna da pelve renal');
INSERT INTO cid VALUES('34eR8sYJ8Axn2xIbwZhIV','C66','Neoplasia maligna dos ureteres');
INSERT INTO cid VALUES('yzLe0pNw5yhHqD3BUDoHY','C67','Neoplasia maligna da bexiga');
INSERT INTO cid VALUES('mOKggtCAXxKaEbTACByVk','C68','Neoplasia maligna de outros órgãos urinários e dos não especificados');
INSERT INTO cid VALUES('v0N8u-F5FMRpo2QHiJRfa','C69','Neoplasia maligna do olho e anexos');
INSERT INTO cid VALUES('JHR3O3qj2xzI_1Yg9Ni0R','C70','Neoplasia maligna das meninges');
INSERT INTO cid VALUES('erL3OPxJW0_HwUqr3EOlf','C71','Neoplasia maligna do encéfalo');
INSERT INTO cid VALUES('fEgof68bFrFNGVNDv_93O','C72','Neoplasia maligna da medula espinhal, dos nervos cranianos e de outras partes do sistema nervoso central');
INSERT INTO cid VALUES('U4wTqbWO30-QQCRnH6gZt','C73','Neoplasia maligna da glândula tireóide');
INSERT INTO cid VALUES('yn31AfX3p6GsqJbdrr37g','C74','Neoplasia maligna da glândula supra-renal [Glândula adrenal]');
INSERT INTO cid VALUES('UYjq6Wv26Frwm0XeGYYo2','C75','Neoplasia maligna de outras glândulas endócrinas e de estruturas relacionadas');
INSERT INTO cid VALUES('4NoxP-B4vy019Hp3l4q9D','C76','Neoplasia maligna de outras localizações e de localizações mal definidas');
INSERT INTO cid VALUES('d4tWnYlvBO843ysfGobxN','C77','Neoplasia maligna secundária e não especificada dos gânglios linfáticos');
INSERT INTO cid VALUES('-fAB8KzykVeb-6_KdLCw2','C78','Neoplasia maligna secundária dos órgãos respiratórios e digestivos');
INSERT INTO cid VALUES('Fhgc51UfGrGM-i-HnOj-r','C79','Neoplasia maligna secundária de outras localizações');
INSERT INTO cid VALUES('TGHGLuhzTFB59nORHj532','C80','Neoplasia maligna, sem especificação de localização');
INSERT INTO cid VALUES('AegR0gyRPjyTnXA6XYFHt','C81','Doença de Hodgkin');
INSERT INTO cid VALUES('9SPRGF70VcZA6DPX8kNCZ','C82','Linfoma não-Hodgkin, folicular (nodular)');
INSERT INTO cid VALUES('E0aBy3Fg3QWoQS08yn0aw','C83','Linfoma não-Hodgkin difuso');
INSERT INTO cid VALUES('S3p65UCPbpsZNnZ72_4Qe','C84','Linfomas de células T cutâneas e periféricas');
INSERT INTO cid VALUES('75KLgXjYT3aX1DPj0zYXO','C85','Linfoma não-Hodgkin de outros tipos e de tipo não especificado');
INSERT INTO cid VALUES('im3VnbgaAlJ98DG60lw1c','C88','Doenças imunoproliferativas malignas');
INSERT INTO cid VALUES('xGCs_dk0ViqtcpbfDZaZL','C90','Mieloma múltiplo e neoplasias malignas de plasmócitos');
INSERT INTO cid VALUES('i7uksBpoYHApblxyWq6ds','C91','Leucemia linfóide');
INSERT INTO cid VALUES('tDoCIzTnQf_vhOTudiEWb','C92','Leucemia mielóide');
INSERT INTO cid VALUES('3HI5RJM32bLFlan2krZQX','C93','Leucemia monocítica');
INSERT INTO cid VALUES('dgnaaEP5xSGs7IuZpJUha','C94','Outras leucemias de células de tipo especificado');
INSERT INTO cid VALUES('Sd3MHQc2PKlqz1xcOMNGN','C95','Leucemia de tipo celular não especificado');
INSERT INTO cid VALUES('YQi7np2w-vJQdjSYCpQYY','C96','Outras neoplasias malignas e as não especificadas dos tecidos linfático, hematopoético e tecidos correlatos');
INSERT INTO cid VALUES('NiSWPFmsAg2sc476wDIn9','C97','Neoplasias malignas de localizações múltiplas independentes (primárias)');
INSERT INTO cid VALUES('drr6mel-eQO2iTEAUB26M','D00','Carcinoma in situ da cavidade oral, do esôfago e do estômago');
INSERT INTO cid VALUES('BQNNETGESGqGkVrexHboq','D01','Carcinoma in situ de outros órgãos digestivos');
INSERT INTO cid VALUES('yGnFObJ4FXqst_Hyv_UuI','D02','Carcinoma in situ do ouvido médio e do aparelho respiratório');
INSERT INTO cid VALUES('u5-Ggu7LQ6ZEiNTBZLzoq','D03','Melanoma in situ');
INSERT INTO cid VALUES('aODiYp0zZmzYQVhNmuodt','D04','Carcinoma in situ da pele');
INSERT INTO cid VALUES('wSK4vrU9KwPJoDUYp38Aq','D05','Carcinoma in situ da mama');
INSERT INTO cid VALUES('1cw1ZFJVO-dXaq1D5u3pN','D06','Carcinoma in situ do colo do útero (cérvix)');
INSERT INTO cid VALUES('NftSCBAAjf50fSfgsR6bn','D07','Carcinoma in situ de outros órgãos genitais e dos não especificados');
INSERT INTO cid VALUES('Z7IqHRvn5uzBdjkF5-dKS','D09','Carcinoma in situ de outras localizações e das não especificadas');
INSERT INTO cid VALUES('T9s2kXjbIoV4OYkxNYnlm','D10','Neoplasia benigna da boca e da faringe');
INSERT INTO cid VALUES('IT9K4--JNvcOwdCWXtJJO','D11','Neoplasia benigna de glândulas salivares maiores');
INSERT INTO cid VALUES('Awr9lTYBEwR37p4oNbyTn','D12','Neoplasia benigna do cólon, reto, canal anal e ânus');
INSERT INTO cid VALUES('UWJ6AlSNGhGS_4IPCcFWA','D13','Neoplasia benigna de outras partes e de partes mal definidas do aparelho digestivo');
INSERT INTO cid VALUES('cF5ppl29UGXOEq1a5H6-6','D14','Neoplasia benigna do ouvido médio e do aparelho respiratório');
INSERT INTO cid VALUES('n-TFfceGw06nCrolmeF9T','D15','Neoplasia benigna de outros órgãos intratorácicos e dos não especificados');
INSERT INTO cid VALUES('T02aF31oSbTCXg1LUWoTO','D16','Neoplasia benigna de osso e de cartilagem articular');
INSERT INTO cid VALUES('aIIS3N1cLJ_hKl3EKfGRv','D17','Neoplasia lipomatosa benigna');
INSERT INTO cid VALUES('2Ld_J4PgEUo7Bf_Z8TQna','D18','Hemangioma e linfangioma de qualquer localização');
INSERT INTO cid VALUES('kJIJvyOONEPirm03NDHG6','D19','Neoplasia benigna de tecido mesotelial');
INSERT INTO cid VALUES('HOAa7C_evknDsQ_htZmrd','D20','Neoplasia benigna de tecido mole do retroperitônio e do peritônio');
INSERT INTO cid VALUES('bO8dYqQdqMar03FyHFu0F','D21','Outras neoplasias benignas do tecido conjuntivo e de outros tecidos moles');
INSERT INTO cid VALUES('HSIfBIrH-br_Ey7WosoOP','D22','Nevos melanocíticos');
INSERT INTO cid VALUES('b3ec1to6fiuVJgN-ZK2i5','D23','Outras neoplasias benignas da pele');
INSERT INTO cid VALUES('HBIxYcTAa889VjRBNwdjs','D24','Neoplasia benigna da mama');
INSERT INTO cid VALUES('iwLKzCE4L4okPI2EGMS9K','D25','Leiomioma do útero');
INSERT INTO cid VALUES('BUl-HCYdZFDj50l-fiP95','D26','Outras neoplasias benignas do útero');
INSERT INTO cid VALUES('JaNRj3qPnclRve4GElxG9','D27','Neoplasia benigna do ovário');
INSERT INTO cid VALUES('bBOL0huG8d1SHF0diUND4','D28','Neoplasia benigna de outros órgãos genitais femininos e de órgãos não especificados');
INSERT INTO cid VALUES('eVoXEm1ybK3_YhmdaRDcb','D29','Neoplasia benigna dos órgãos genitais masculinos');
INSERT INTO cid VALUES('VLBBbl1tEwzoViDxoE0ef','D30','Neoplasia benigna dos órgãos urinários');
INSERT INTO cid VALUES('tGow5bsSG9Zbh8qvvC-Ye','D31','Neoplasia benigna do olho e anexos');
INSERT INTO cid VALUES('8Fier5YWZycU2oLEYxUbF','D32','Neoplasia benigna das meninges');
INSERT INTO cid VALUES('-qFLGSdY_ISoKAxRfN0GP','D33','Neoplasia benigna do encéfalo e de outras partes do sistema nervoso central');
INSERT INTO cid VALUES('MGYLuRqfSvkySQiMYLzE2','D34','Neoplasia benigna da glândula tireóide');
INSERT INTO cid VALUES('3GQveO-j_pTSZN3nsy_p4','D35','Neoplasia benigna de outras glândulas endócrinas e das não especificadas');
INSERT INTO cid VALUES('RKWYN9TrChdzlHMK3X5l4','D36','Neoplasia benigna de outras localizações e de localizações não especificadas');
INSERT INTO cid VALUES('SWmBfdHyLCUAEhVNx7aUa','D37','Neoplasia de comportamento incerto ou desconhecido da cavidade oral e dos órgãos digestivos');
INSERT INTO cid VALUES('1xPPj7_WJNOkO1CVXf5T_','D38','Neoplasia de comportamento incerto ou desconhecido do ouvido médio e dos órgãos respiratórios e intratorácicos');
INSERT INTO cid VALUES('6rUWCVvfSUwyc1gW5THAn','D39','Neoplasia de comportamento incerto ou desconhecido dos órgãos genitais femininos');
INSERT INTO cid VALUES('FBVUbub7kj4rLlpWZor7G','D40','Neoplasia de comportamento incerto ou desconhecido dos órgãos genitais masculinos');
INSERT INTO cid VALUES('5HuzVG9lG-_IWM45KfUAn','D41','Neoplasia de comportamento incerto ou desconhecido dos órgãos urinários');
INSERT INTO cid VALUES('4vHMf9FsH1haScIO6x4h7','D42','Neoplasia de comportamento incerto ou desconhecido das meninges');
INSERT INTO cid VALUES('1rXnH3g5FSHZ-RQF6M7pI','D43','Neoplasia de comportamento incerto ou desconhecido do encéfalo e do sistema nervoso central');
INSERT INTO cid VALUES('PZ8rR1ghNeMxpIAQ2g8Tw','D44','Neoplasia de comportamento incerto ou desconhecido das glândulas endócrinas');
INSERT INTO cid VALUES('4wJJ25wU_KS4An43hHgJI','D45','Policitemia vera');
INSERT INTO cid VALUES('PM2fQUEeDBaDzpRW6d91-','D46','Síndromes mielodisplásicas');
INSERT INTO cid VALUES('2P7iA7DOMUQenzgP-Z9Yp','D47','Outras neoplasias de comportamento incerto ou desconhecido dos tecidos linfático, hematopoético e tecidos correlatos');
INSERT INTO cid VALUES('MT989GG4hjMHM8-Bdqch_','D48','Neoplasia de comportamento incerto ou desconhecido de outras localizações e de localizações não especificadas');
INSERT INTO cid VALUES('obLHdiO6d-BN1Vgx1S-yv','D50','Anemia por deficiência de ferro');
INSERT INTO cid VALUES('4AORQ-uhL5bZnsK_69dQN','D51','Anemia por deficiência de vitamina');
INSERT INTO cid VALUES('VfDVMorKq7agdMY5LvEbc','D52','Anemia por deficiência de folato');
INSERT INTO cid VALUES('IAboTwyGk5Lwqhe-1ROJr','D53','Outras anemias nutricionais');
INSERT INTO cid VALUES('Zj977oNGxQm9BQ2CuoRDm','D55','Anemia devida a transtornos enzimáticos');
INSERT INTO cid VALUES('FEOmCnFf47c0kjaffht6g','D56','Talassemia');
INSERT INTO cid VALUES('VJlfFGYutnSpUXHxosDUC','D57','Transtornos falciformes');
INSERT INTO cid VALUES('FGTD0IF-fUt9B_hEa1Ail','D58','Outras anemias hemolíticas hereditárias');
INSERT INTO cid VALUES('bfv7JtnBm0AYO8nIIrfjK','D59','Anemia hemolítica adquirida');
INSERT INTO cid VALUES('i1breVJ5qnf2D3f6w0vaK','D60','Aplasia pura da série vermelha, adquirida [eritroblastopenia]');
INSERT INTO cid VALUES('MFfxdBdboVpD0OtQj8Jxe','D61','Outras anemias aplásticas');
INSERT INTO cid VALUES('aBeNUOcljgEQP5gn4WAcC','D62','Anemia aguda pós-hemorrágica');
INSERT INTO cid VALUES('XeczOgtBhQIgARBblRRCq','D63','Anemia em doenças crônicas classificadas em outra parte');
INSERT INTO cid VALUES('hvRIwiGgDQBL7MeENm6UR','D64','Outras anemias');
INSERT INTO cid VALUES('PIrRQdsRXyymkcbkD06p7','D65','Coagulação intravascular disseminada [síndrome de des  brinação]');
INSERT INTO cid VALUES('KFAcBFFpG3xtxm4Qq012g','D66','De  ciência hereditária do fator VIII');
INSERT INTO cid VALUES('uTrK5oLj6Qnke8LqdYrTP','D67','De  ciência hereditária do fator IX');
INSERT INTO cid VALUES('GqNQUz0d5UJZfRm_w9a4M','D68','Outros defeitos da coagulação');
INSERT INTO cid VALUES('dkPR-3mZM1sOZZjVaCvJR','D69','Púrpura e outras afecções hemorrágicas');
INSERT INTO cid VALUES('P6R2eEkaADwLUZCh-P9Zq','D70','Agranulocitose');
INSERT INTO cid VALUES('aPtZ0qeh7ej1JIBk_Zsrt','D71','Transtornos funcionais dos neutrófilos polimorfonucleares');
INSERT INTO cid VALUES('-QEQE9IRZPYXAx162JFfD','D72','Outros transtornos dos glóbulos brancos');
INSERT INTO cid VALUES('4UeEponF3_5vWYIm6XZCQ','D73','Doenças do baço');
INSERT INTO cid VALUES('oEE3qVZAPA6t91asJl2Ir','D74','Metemoglobinemia');
INSERT INTO cid VALUES('2yKn6mCwHPrc5PhbMjQCA','D75','Outras doenças do sangue e dos órgãos hematopoéticos');
INSERT INTO cid VALUES('3o7vx4V18gtBRP_y7v9bG','D76','Algumas doenças que envolvem o tecido linforreticular e o sistema reticulohistiocítico');
INSERT INTO cid VALUES('irXm7w_qrjCP0QJynzVEj','D77','Outros transtornos do sangue e dos órgãos hematopoéticos em doenças classificadas em outra parte');
INSERT INTO cid VALUES('PQQKsYONdZHXC4dNEQK6z','D80','Imunodeficiência com predominância de defeitos de anticorpos');
INSERT INTO cid VALUES('nq2Agva7OlcqAkDj1vKiT','D81','Deficiências imunitárias combinadas');
INSERT INTO cid VALUES('5IxG_xbZBuTFkORIUhfzz','D82','Imunodeficiência associada com outros defeitos "major"');
INSERT INTO cid VALUES('REkbeK7LYWkAOZwUe3-zo','D83','Imunodeficiência comum variável');
INSERT INTO cid VALUES('QSa6y7K8Z0BMcYNCob0uN','D84','Outras imunodeficiências');
INSERT INTO cid VALUES('4J4nxn_x-ur65QBCu7uNG','D86','Sarcoidose');
INSERT INTO cid VALUES('gXIQnNWCf8TGv9QeAXSzT','D89','Outros transtornos que comprometem o mecanismo imunitário não classificados em outra parte');
INSERT INTO cid VALUES('5SPiRyKrJGX7LeUIYFeJK','E00','Síndrome de deficiência congênita de iodo');
INSERT INTO cid VALUES('W0KMRfGMVv0Elc2QZ5TY4','E01','Transtornos tireoidianos e afecções associadas, relacionados à deficiência de iodo');
INSERT INTO cid VALUES('ygyYgD3hDvf1O3o7NGEbC','E02','Hipotireoidismo subclínico por deficiência de iodo');
INSERT INTO cid VALUES('qN_VFZ99MlVH4EeMaFxMX','E03','Outros hipotireoidismos');
INSERT INTO cid VALUES('eEpDqD0Pz053hOEHGpcGj','E04','Outros bócios não-tóxicos');
INSERT INTO cid VALUES('C5UVbWroEl3kWGoGd-6e4','E05','Tireotoxicose [hipertireoidismo]');
INSERT INTO cid VALUES('R7R9TdwpgTfl8XxNicFIz','E06','Tireoidite');
INSERT INTO cid VALUES('TseP5jN-29ETy1eRblurG','E07','Outros transtornos da tireóide');
INSERT INTO cid VALUES('dqWCAIOoEf3jQ90_ff5ir','E10','Diabetes mellitus insulino-dependente');
INSERT INTO cid VALUES('pGBnBKF2yCV4Xqb3jtgx7','E11','Diabetes mellitus não-insulino-dependente');
INSERT INTO cid VALUES('z4k--flerwwL5gBUH4agS','E12','Diabetes mellitus relacionado com a desnutrição');
INSERT INTO cid VALUES('LDMPLYDEfKEr7MrOyxE2s','E13','Outros tipos especificados de diabetes mellitus');
INSERT INTO cid VALUES('J-pefM_apBGOd-vPNGYNO','E14','Diabetes mellitus não especificado');
INSERT INTO cid VALUES('YuR33L1BCTBJedeQ1z8ST','E15','Coma hipoglicêmico não-diabético');
INSERT INTO cid VALUES('wGc74UYxe0IzcGXgg9Qc1','E16','Outros transtornos da secreção pancreática interna');
INSERT INTO cid VALUES('faWUvz8PYsNQl5siipkAz','E20','Hipoparatireoidismo');
INSERT INTO cid VALUES('_So3BN-4D2ISupQ7EKpp4','E21','Hiperparatireoidismo e outros transtornos da glândula paratireóide');
INSERT INTO cid VALUES('PskTgIDIMDJAb9rwkiSUr','E22','Hiperfunção da hipófise');
INSERT INTO cid VALUES('oSEijV0BbZxKhRTjLm2Wy','E23','Hipofunção e outros transtornos da hipófise');
INSERT INTO cid VALUES('df0oPDjL5x5XflGz7uwEC','E24','Síndrome de Cushing');
INSERT INTO cid VALUES('l1_m-epiKPkVAFV78_yva','E25','Transtornos adrenogenitais');
INSERT INTO cid VALUES('QEAOkN2T9O74LP0506yn4','E26','Hiperaldosteronismo');
INSERT INTO cid VALUES('XFc2matwqR-aL44ZWk5eb','E27','Outros transtornos da glândula supra-renal');
INSERT INTO cid VALUES('9vEyxWWxcRxRvK2z4OWDe','E28','Disfunção ovariana');
INSERT INTO cid VALUES('NFcMuyT5YH_HnCu-m6alk','E29','Disfunção testicular');
INSERT INTO cid VALUES('6noalucnKuA-NcXywmIZN','E30','Transtornos da puberdade não classificados em outra parte');
INSERT INTO cid VALUES('zrQNDKfTd5klwh_fwBQGO','E31','Disfunção poliglandular');
INSERT INTO cid VALUES('u206LO7U6nWxeqfGZQ1pC','E32','Doenças do timo');
INSERT INTO cid VALUES('RxOcslFodW9NYHJ3yghl_','E34','Outros transtornos endócrinos');
INSERT INTO cid VALUES('6eVHE_sFsWJ3eF379udz1','E35','Transtornos das glândulas endócrinas em doenças classificadas em outra parte');
INSERT INTO cid VALUES('FAJgouh3x47Hb4C8p84lf','E40','Kwashiorkor');
INSERT INTO cid VALUES('CnZAkOAiWnnFGF5G2iuDs','E41','Marasmo nutricional');
INSERT INTO cid VALUES('x08-NbsGMKkUTU0xAXzX6','E42','Kwashiorkor marasmático');
INSERT INTO cid VALUES('HGi328CbVOrQ0RKwMTlFj','E43','Desnutrição protéico-calórica grave não especificada');
INSERT INTO cid VALUES('FRuBTddQFD0ICfUa-KpNR','E44','Desnutrição protéico-calórica de graus moderado e leve');
INSERT INTO cid VALUES('jFEt4MV-FLB1m6pMgsC-K','E45','Atraso do desenvolvimento devido à desnutrição protéico-calórica');
INSERT INTO cid VALUES('_BqdrbTd-xpC04BPFWVnD','E46','Desnutrição protéico-calórica não especificada');
INSERT INTO cid VALUES('oOR0eC9y723WpkQWZ1lZi','E50','Deficiência de vitamina A');
INSERT INTO cid VALUES('ie8HT9Pn_ydDixmP4vwxD','E51','Deficiência de tiamina');
INSERT INTO cid VALUES('EqBeRx_az--lIgUN2huMi','E52','Deficiência de niacina [pelagra]');
INSERT INTO cid VALUES('n8LgrMctSTn05Zr3keMdI','E53','Deficiência de outras vitaminas do grupo B');
INSERT INTO cid VALUES('D7wSsfgidIARsyvrHtYt3','E54','Deficiência de ácido ascórbico');
INSERT INTO cid VALUES('hjDtXKFnRLTan7GP1V9Yi','E55','Deficiência de vitamina D');
INSERT INTO cid VALUES('7ceQ7Sq0icY6l_cn__Bfq','E56','Outras deficiências vitamínicas');
INSERT INTO cid VALUES('x55muiA1Ya2wF3yxWGtH4','E58','Deficiência de cálcio da dieta');
INSERT INTO cid VALUES('rcNxXHo85Lvd294wp-nE8','E59','Deficiência de selênio da dieta');
INSERT INTO cid VALUES('846beww6fQxkKvfkkACCh','E60','Deficiência de zinco da dieta');
INSERT INTO cid VALUES('6rGsdkD7YjQyVsirVlePo','E61','Deficiência de outros elementos nutrientes');
INSERT INTO cid VALUES('ccivum7rGVjMAI7wG_tfD','E63','Outras deficiências nutricionais');
INSERT INTO cid VALUES('Tez5XZz2m3olijfcK8MA9','E64','Seqüelas de desnutrição e de outras deficiências nutricionais');
INSERT INTO cid VALUES('CQUZlu6a8Oq8Upl7SgZYn','E65','Adiposidade localizada');
INSERT INTO cid VALUES('DtdYyHYAxm_Mep7k_wc3J','E66','Obesidade');
INSERT INTO cid VALUES('0BeVsEH1sT8k1nTEpJVv9','E67','Outras formas de hiperalimentação');
INSERT INTO cid VALUES('7n-pcKLg69Ep8IeLhocot','E68','Seqüelas de hiperalimentação');
INSERT INTO cid VALUES('jWHgMiUpdEME4OoxUThJR','E70','Distúrbios do metabolismo de aminoácidos aromáticos');
INSERT INTO cid VALUES('g4wYo8mgpfHNWmiu9GoM4','E71','Distúrbios do metabolismo de aminoácidos de cadeia ramificada e do metabolismo dos ácidos graxos');
INSERT INTO cid VALUES('H_zAkj9EttpVSNwCvwQJv','E72','Outros distúrbios do metabolismo de aminoácidos');
INSERT INTO cid VALUES('Q-kmiA3bEdsSGOXk73-1I','E73','Intolerância à lactose');
INSERT INTO cid VALUES('mYsWzomA-gNpGid6owh4V','E74','Outros distúrbios do metabolismo de carboidratos');
INSERT INTO cid VALUES('D-2cAWUo09cmSK0znvpge','E75','Distúrbios do metabolismo de esfingolípides e outros distúrbios de depósito de lípides');
INSERT INTO cid VALUES('ccjyydZe8LGGNLBxmRhT3','E76','Distúrbios do metabolismo do glicosaminoglicano');
INSERT INTO cid VALUES('20NU4iq92Qa-9CT3Lg3dP','E77','Distúrbios do metabolismo de glicoproteínas');
INSERT INTO cid VALUES('ZXWiaQMxi8Xap6U96iD2v','E78','Distúrbios do metabolismo de lipoproteínas e outras lipidemias');
INSERT INTO cid VALUES('PqmAUGvRnchC3mtEq3VCp','E79','Distúrbios do metabolismo de purina e pirimidina');
INSERT INTO cid VALUES('NJSUSHcbL0wSgR2AXU23K','E80','Distúrbios do metabolismo da porfirina e da bilirrubina');
INSERT INTO cid VALUES('W7agUQkyr94z9hAU_KoZJ','E83','Distúrbios do metabolismo de minerais');
INSERT INTO cid VALUES('wFaIdf8ShkC3tR38duHa4','E84','Fibrose cística');
INSERT INTO cid VALUES('Eaz8Fn88cnIZdBzQCA0gV','E85','Amiloidose');
INSERT INTO cid VALUES('D-Uw8Y1-_sLCi8Fx7mPGJ','E86','Depleção de volume');
INSERT INTO cid VALUES('jL4n8Y1fkYqT2g0m0VjE-','E87','Outros transtornos do equilíbrio hidroeletrolítico e ácido-básico');
INSERT INTO cid VALUES('EpuwOCRjaCiOn-2K1ye4q','E88','Outros distúrbios metabólicos');
INSERT INTO cid VALUES('NPwLnVNotKkVjXic-nAhc','E89','Transtornos endócrinos e metabólicos pós-procedimentos, não classificados em outra parte');
INSERT INTO cid VALUES('HQmivjWCSXvua-Ceg1Qvc','E90','Transtornos nutricionais e metabólicos em doenças classificadas em outra parte');
INSERT INTO cid VALUES('gLDq3mm1dMZApi83CLAxy','F00','Demência na doença de Alzheimer');
INSERT INTO cid VALUES('NkvpQbeYHprny_oQkbEnR','F01','Demência vascular');
INSERT INTO cid VALUES('YaPklU53cIPcO7cX2lY_-','F02','Demência em outras doenças classificadas em outra parte');
INSERT INTO cid VALUES('rrCkoxNocWZYmb-wU5PAx','F03','Demência não especificada');
INSERT INTO cid VALUES('gdg0o7qn_ivu84JdwFktp','F04','Síndrome amnésica orgânica não induzida pelo álcool ou por outras substâncias psicoativas');
INSERT INTO cid VALUES('D-0Sa76GLmOxBQtoODbK5','F05','Delirium não induzido pelo álcool ou por outras substâncias psicoativas');
INSERT INTO cid VALUES('WVtURm-c6GnZZHg-uDF2p','F06','Outros transtornos mentais devidos a lesão e disfunção cerebral e a doença física');
INSERT INTO cid VALUES('98Zu_ADV0IWG0nAvPnwux','F07','Transtornos de personalidade e do comportamento devidos a doença, a lesão e a disfunção cerebral');
INSERT INTO cid VALUES('gJFWofWUl-S9vcEvmEY6z','F09','Transtorno mental orgânico ou sintomático não especificado');
INSERT INTO cid VALUES('sUoK6w-APGLlZ3SIH3lUX','F10','Transtornos mentais e comportamentais devidos ao uso de álcool');
INSERT INTO cid VALUES('IMq681cJdvWVcqTUV8GED','F11','Transtornos mentais e comportamentais devidos ao uso de opiáceos');
INSERT INTO cid VALUES('FTuzwjF9J80gAGRSOZRDs','F12','Transtornos mentais e comportamentais devidos ao uso de canabinóides');
INSERT INTO cid VALUES('983P-X4mGIm0nuvOdQV-3','F13','Transtornos mentais e comportamentais devidos ao uso de sedativos e hipnóticos');
INSERT INTO cid VALUES('_ePqVyYDMRL3tBb2GbzmG','F14','Transtornos mentais e comportamentais devidos ao uso da cocaína');
INSERT INTO cid VALUES('LHMK-zpBfQl0zqFzqHiQP','F15','Transtornos mentais e comportamentais devidos ao uso de outros estimulantes, inclusive a cafeína');
INSERT INTO cid VALUES('eD8Ik1sTnwWFZNOq-iCAy','F16','Transtornos mentais e comportamentais devidos ao uso de alucinógenos');
INSERT INTO cid VALUES('3ZqJ14UWutV5BJlinaA5q','F17','Transtornos mentais e comportamentais devidos ao uso de fumo');
INSERT INTO cid VALUES('Bf9JceKD4zm-MpNLQ4dba','F18','Transtornos mentais e comportamentais devidos ao uso de solventes voláteis');
INSERT INTO cid VALUES('tD-ph5O2fxgp9K3kxDNx3','F19','Transtornos mentais e comportamentais devidos ao uso de múltiplas drogas e ao uso de outras substâncias psicoativas');
INSERT INTO cid VALUES('zvJmIucKD1r4cn7eg9RjH','F20','Esquizofrenia');
INSERT INTO cid VALUES('u9_vNjLTpV1Vgp2crY8Pt','F21','Transtorno esquizotípico');
INSERT INTO cid VALUES('2WArwaTT1h6DxmhEziEwD','F22','Transtornos delirantes persistentes');
INSERT INTO cid VALUES('qJps2HnZiK0iASU1UiHQV','F23','Transtornos psicóticos agudos e transitórios');
INSERT INTO cid VALUES('Djs11dpnAJLUIUErc_wie','F24','Transtorno delirante induzido');
INSERT INTO cid VALUES('32-hNlsbM5aAlP_cYiD0G','F25','Transtornos esquizoafetivos');
INSERT INTO cid VALUES('GoJK3W_4wS6BUOU0UDKky','F28','Outros transtornos psicóticos não-orgânicos');
INSERT INTO cid VALUES('eSKtfIh2rJNPUaTVjc5M9','F29','Psicose não-orgânica não especificada');
INSERT INTO cid VALUES('wjNxucGem93D7uC0a-Tem','F30','Episódio maníaco');
INSERT INTO cid VALUES('11moCMIGqFpysuA5mbC7p','F31','Transtorno afetivo bipolar');
INSERT INTO cid VALUES('1PTnlLyRfLdokbvLY0w_v','F32','Episódios depressivos');
INSERT INTO cid VALUES('LK2hXrILyVK5aSBol9vkT','F33','Transtorno depressivo recorrente');
INSERT INTO cid VALUES('5D1fyoydRfWBP1zzmhIoO','F34','Transtornos de humor [afetivos] persistentes');
INSERT INTO cid VALUES('LfAM15_Z_uT9bDPq4s5F3','F38','Outros transtornos do humor [afetivos]');
INSERT INTO cid VALUES('1YUFTInoZDleuNqSSKY3_','F39','Transtorno do humor [afetivo] não especificado');
INSERT INTO cid VALUES('oGvQF-si1BkytdZSDNJ2b','F40','Transtornos fóbico-ansiosos');
INSERT INTO cid VALUES('-KBuNIXAG0JqRaYT1kT9n','F41','Outros transtornos ansiosos');
INSERT INTO cid VALUES('FL1mHz9jvmyEfKUbgFXBN','F42','Transtorno obsessivo-compulsivo');
INSERT INTO cid VALUES('UAX7EmNF8BOmwMoqK1juK','F43','Reações ao "stress" grave e transtornos de adaptação');
INSERT INTO cid VALUES('aKgPwMIaV0SJVtYZY_u4M','F44','Transtornos dissociativos [de conversão]');
INSERT INTO cid VALUES('kP-5Elp4lyfcpZht_p4jb','F45','Transtornos somatoformes');
INSERT INTO cid VALUES('q-dFZa5TRc81X8J-GvDda','F48','Outros transtornos neuróticos');
INSERT INTO cid VALUES('eCvswAud4GpeyFpxWvJpv','F50','Transtornos da alimentação');
INSERT INTO cid VALUES('VsGRi_Mczzuc1gncJ8UmD','F51','Transtornos não-orgânicos do sono devidos a fatores emocionais');
INSERT INTO cid VALUES('4jWPegX-IQE9VG3HxhbMR','F52','Disfunção sexual, não causada por transtorno ou doença orgânica');
INSERT INTO cid VALUES('5656iuLklZJkIronay31a','F53','Transtornos mentais e comportamentais associados ao puerpério, não classificados em outra parte');
INSERT INTO cid VALUES('SHjtHHldnXH93QlZEcbDH','F54','Fatores psicológicos ou comportamentais associados a doença ou a transtornos classificados em outra parte');
INSERT INTO cid VALUES('cC3oBPK67ZgFYJIaSdE_4','F55','Abuso de substâncias que não produzem dependência');
INSERT INTO cid VALUES('hXwi2ftniJs_oAI0kpfbj','F59','Síndromes comportamentais associados a transtornos das funções  fisiológicas e a fatores físicos, não especificadas');
INSERT INTO cid VALUES('fn8iv8qmfmoxCzub7teFv','F60','Transtornos específicos da personalidade');
INSERT INTO cid VALUES('qT8DXyyXHbuzaijSHVOZL','F61','Transtornos mistos da personalidade e outros transtornos da personalidade');
INSERT INTO cid VALUES('EZCcEv2UYlHcfa2D57KWK','F62','Modi  cações duradouras da personalidade não atribuíveis a lesão ou doença cerebral');
INSERT INTO cid VALUES('B-hTebWLvkquQ7WWH3DiB','F63','Transtornos dos hábitos e dos impulsos');
INSERT INTO cid VALUES('7mipwKEOKLM9i2nccEi3Q','F64','Transtornos da identidade sexual');
INSERT INTO cid VALUES('W6rYl79nHlP98KHS4bVSY','F65','Transtornos da preferência sexual');
INSERT INTO cid VALUES('n6djdhp99op91bdS1mT59','F66','Transtornos psicológicos e comportamentais associados ao desenvolvimento sexual e à sua orientação');
INSERT INTO cid VALUES('VxJbjWJnXr7HQ0Q_CbRdY','F68','Outros transtornos da personalidade e do comportamento do adulto');
INSERT INTO cid VALUES('NV-UQVPixpVpgaYxp6W-6','F69','Transtorno da personalidade e do comportamento do adulto, não especificado');
INSERT INTO cid VALUES('YxE2WRgG0rgvQ_HgGD9j6','F70','Retardo mental leve');
INSERT INTO cid VALUES('KuWsivSGboymmCmHcWhzu','F71','Retardo mental moderado');
INSERT INTO cid VALUES('WnZvgrPc63KMTpPC1xeba','F72','Retardo mental grave');
INSERT INTO cid VALUES('ftZAZLvrAL6sUQStFlWS8','F73','Retardo mental profundo');
INSERT INTO cid VALUES('-R6DG4d_Xaf4T9TQz_7Kp','F78','Outro retardo mental');
INSERT INTO cid VALUES('zBvovVO9Pftl4Iib2rG5Y','F79','Retardo mental não especificado');
INSERT INTO cid VALUES('OBHCjw9ITwy_FsZ6Y1kmU','F80','Transtornos específicos do desenvolvimento da fala e da linguagem');
INSERT INTO cid VALUES('KGNb8M-x2pRF41cuhjIdw','F81','Transtornos específicos do desenvolvimento das habilidades escolares');
INSERT INTO cid VALUES('q_OiIQCXLGhLsv-H7TDeE','F82','Transtorno específico do desenvolvimento motor');
INSERT INTO cid VALUES('kUv6NeRWwdrGrvOaPzcYk','F83','Transtornos específicos misto do desenvolvimento');
INSERT INTO cid VALUES('JSPh_Deo5o_TND3-VuKn2','F84','Transtornos globais do desenvolvimento');
INSERT INTO cid VALUES('OR8zwK-ZSaUFADJT7zVhE','F88','Outros transtornos do desenvolvimento psicológico');
INSERT INTO cid VALUES('Njm5RVSmf7pRnRr0LBSTf','F89','Transtorno do desenvolvimento psicológico não especificado');
INSERT INTO cid VALUES('ou4buP_Sir03LVR9KD2PT','F90','Transtornos hipercinéticos');
INSERT INTO cid VALUES('2wb0QUx2ZxdAsuW31ztJ7','F91','Distúrbios de conduta');
INSERT INTO cid VALUES('tHPhlswKlLudxNZvg87MB','F92','Transtornos mistos de conduta e das emoções');
INSERT INTO cid VALUES('ktcXA8JAt9CO2PP0TI541','F93','Transtornos emocionais com início especificamente na infância');
INSERT INTO cid VALUES('duzCahH3RoxZmUhcCiSJ6','F94','Transtornos do funcionamento social com início especificamente durante a infância ou a adolescência');
INSERT INTO cid VALUES('Gx58h_gdu52bB1x5t-9VH','F95','Tiques');
INSERT INTO cid VALUES('ZBZZp-O3YN6szPSUi3Cog','F98','Outros transtornos comportamentais e emocionais com início habitualmente durante a infância ou a adolescência');
INSERT INTO cid VALUES('4wyq6farM2s_iV9wLv-bc','F99','Transtorno mental não especificado em outra parte');
INSERT INTO cid VALUES('G-Zg0sRsqHea4U3vlOONf','G00','Meningite bacteriana não classificada em outra parte');
INSERT INTO cid VALUES('zpeiz4RwjGoxfTPz-um8J','G01','Meningite em doenças bacterianas classificadas em outra parte');
INSERT INTO cid VALUES('srDuG25qLXYWdW71qOFY-','G02','Meningite em outras doenças infecciosas e parasitárias classificadas em outra parte');
INSERT INTO cid VALUES('WdzBx58lSJvQqSZOyInTH','G03','Meningite devida a outras causas e a causas não especificadas');
INSERT INTO cid VALUES('NMZRwkneu9oNN92MkIibC','G04','Encefalite, mielite e encefalomielite');
INSERT INTO cid VALUES('vw_g7ZzwlB9O5rKsXShjO','G05','Encefalite, mielite e encefalomielite em doenças classificadas em outra parte');
INSERT INTO cid VALUES('Svlt-Hzpt0EWEG4EkagC0','G06','Abscesso e granuloma intracranianos e intra-raquidianos');
INSERT INTO cid VALUES('Eb7d1MOfmkXbO_vz3PKoQ','G07','Abscesso e granuloma intracranianos e intraspinais em doenças classificadas em outra parte');
INSERT INTO cid VALUES('1EUD9yZcKMQAxGg93Cvzk','G08','Flebite e tromboflebite intracranianas e intra-raquidianas');
INSERT INTO cid VALUES('3cYrBwXPtFro1TOtjmTip','G09','Seqüelas de doenças inflamatórias do sistema nervoso central');
INSERT INTO cid VALUES('-jFtP8r-DNZK6jLYd_uh5','G10','Doença de Huntington');
INSERT INTO cid VALUES('cPFstsGpNkHpmS-ko7MS6','G11','Ataxia hereditária');
INSERT INTO cid VALUES('KjlAINW1TYbYp4Z9TPqJY','G12','Atrofia muscular espinal e síndromes correlatas');
INSERT INTO cid VALUES('5lkOO41Zf6ci-8r1pbogG','G13','Atrofias sistêmicas que afetam principalmente o sistema nervoso central em doenças classificadas em outra parte');
INSERT INTO cid VALUES('lMl_v7vsyTsafdHWU6hEj','G20','Doença de Parkinson');
INSERT INTO cid VALUES('eXPiFZVKtZKW_hKelcWig','G21','Parkinsonismo secundário');
INSERT INTO cid VALUES('XpKZY6FV2pmamA-hs_3UP','G22','Parkinsonismo em doenças classificadas em outra parte');
INSERT INTO cid VALUES('xiDz4AIJ5-Cnj4rR965Kj','G23','Outras doenças degenerativas dos gânglios da base');
INSERT INTO cid VALUES('596q6ZjkcBo_hwc9mhINM','G24','Distonia');
INSERT INTO cid VALUES('TUz8ecVtvSjGytaZi8F1H','G25','Outras doenças extrapiramidais e transtornos dos movimentos');
INSERT INTO cid VALUES('NkmZhahpmqgwkXA3MDRmC','G26','Doenças extrapiramidais e transtornos dos movimentos em doenças classificadas em outra parte');
INSERT INTO cid VALUES('CD_NmzgXqzVX1KP2BRI7L','G30','Doença de Alzheimer');
INSERT INTO cid VALUES('-abHl3LG3UWLzH8DMKOtY','G31','Outras doenças degenerativas do sistema nervoso não classificadas em outra parte');
INSERT INTO cid VALUES('u6CxxQx6nj12u3nZg4h0K','G32','Outros transtornos degenerativos do sistema nervoso em doenças classificadas em outra parte');
INSERT INTO cid VALUES('6uXRQlp_aSFVi0yoE10Fq','G35','Esclerose múltipla');
INSERT INTO cid VALUES('CZZagDOCOmVIKRc21u5XI','G36','Outras desmielinizações disseminadas agudas');
INSERT INTO cid VALUES('Bd1Cvy05Ayqdxj5XlPi37','G37','Outras doenças desmielinizantes do sistema nervoso central');
INSERT INTO cid VALUES('FAlwQlfqfr38i-d6aR2OR','G40','Epilepsia');
INSERT INTO cid VALUES('tipKTcaBD4ONOIihKz-tS','G41','Estado de mal epiléptico');
INSERT INTO cid VALUES('uTWamCosx8lP0-evNBlIl','G43','Enxaqueca');
INSERT INTO cid VALUES('kIq3JrlhmPwD6tMSoOAuC','G44','Outras síndromes de algias cefálicas');
INSERT INTO cid VALUES('7VO8tCbJGwuahA-24uXOO','G45','Acidentes vasculares cerebrais isquêmicos transitórios e síndromes correlatas');
INSERT INTO cid VALUES('J4beuLIiRpdC3ZPgAsG4E','G46','Síndromes vasculares cerebrais que ocorrem em doenças cerebrovasculares');
INSERT INTO cid VALUES('rqZHbMuTLp7CHmscZq3Qu','G47','Distúrbios do sono');
INSERT INTO cid VALUES('XbXVyC3OGNRNDiyZ_dULB','G50','Transtornos do nervo trigêmeo');
INSERT INTO cid VALUES('GEHfADS3rEgQO9ywblQEc','G51','Transtornos do nervo facial');
INSERT INTO cid VALUES('sTnXcDQkx0J8Ht8oQ_pKa','G52','Transtornos de outros nervos cranianos');
INSERT INTO cid VALUES('1RyXORvXtjW5EG7Y4lmYk','G53','Transtornos dos nervos cranianos em doenças classificadas em outra parte');
INSERT INTO cid VALUES('lNs8SEcj7BEdEn2-ykFdJ','G54','Transtornos das raízes e dos plexos nervosos');
INSERT INTO cid VALUES('tuEpkylVVnvF_QkTyiQPi','G55','Compressões das raízes e dos plexos nervosos em doenças classificadas em outra parte');
INSERT INTO cid VALUES('DA1qdBFUaZY7Y9Z_X3KbC','G56','Mononeuropatias dos membros superiores');
INSERT INTO cid VALUES('R7b92wGpwEIj6Ugz0zw8m','G57','Mononeuropatias dos membros inferiores');
INSERT INTO cid VALUES('RmI_giYq14EUb-GP8ljWf','G58','Outras mononeuropatias');
INSERT INTO cid VALUES('mD-Wub5_3czP9VQskw7oG','G59','Mononeuropatias em doenças classificadas em outra parte');
INSERT INTO cid VALUES('mzEugpq50E_3KO_amEb2B','G60','Neuropatia hereditária e idiopática');
INSERT INTO cid VALUES('hmM45Zz1eHqtK2dEdB40y','G61','Polineuropatia inflamatória');
INSERT INTO cid VALUES('-BuBS9IcFYS6x5US7ULZR','G62','Outras polineuropatias');
INSERT INTO cid VALUES('T3DExkvTkCyqRh6sFeARO','G63','Polineuropatia em doenças classificadas em outra parte');
INSERT INTO cid VALUES('0OBMsX0_46bjX921ph07-','G64','Outros transtornos do sistema nervoso periférico');
INSERT INTO cid VALUES('Y9XtMsaqPkTkjQMIVIYM8','G70','Miastenia gravis e outros transtornos neuromusculares');
INSERT INTO cid VALUES('cv6Edq7-U7_lOpbxXXvEL','G71','Transtornos primários dos músculos');
INSERT INTO cid VALUES('XO0bea05SYA66vuEUz9Yq','G72','Outras miopatias');
INSERT INTO cid VALUES('ngSC9QQnRgC34RpUsTDKJ','G73','Transtornos da junção mioneural e dos músculos em doenças classificadas em outra parte');
INSERT INTO cid VALUES('q8zp5_XN19OuwvKoqp7Fc','G80','Paralisia cerebral');
INSERT INTO cid VALUES('lQgcTR4xTxbxHqVBxqVE2','G81','Hemiplegia');
INSERT INTO cid VALUES('FKJD-G5vliL-N9p3lxuNn','G82','Paraplegia e tetraplegia');
INSERT INTO cid VALUES('VLlvDeQhjeR9kgCS53isi','G83','Outras síndromes paralíticas');
INSERT INTO cid VALUES('k8_cl_GH_UM8QTqbLhs29','G90','Transtornos do sistema nervoso autônomo');
INSERT INTO cid VALUES('qFhSnKWRkYPEmgaXkdaMk','G91','Hidrocefalia');
INSERT INTO cid VALUES('63oTQ1zcT-2sNTHo4CICl','G92','Encefalopatia tóxica');
INSERT INTO cid VALUES('2SeZCkzlo4vFXR4f5KvRM','G93','Outros transtornos do encéfalo');
INSERT INTO cid VALUES('GTm0iZ4noPvoT6K9iTRDk','G94','Outros transtornos do encéfalo em doenças classificadas em outra parte');
INSERT INTO cid VALUES('qMM1LDrg14WHlOZZDotOb','G95','Outras doenças da medula espinal');
INSERT INTO cid VALUES('BjgFrJpFXwOgXcDW2FJW2','G96','Outros transtornos do sistema nervoso central');
INSERT INTO cid VALUES('9SMVbNfkDetc6ynAAAvBG','G97','Transtornos pós-procedimento do sistema nervoso não classificados em outra parte');
INSERT INTO cid VALUES('SWWwgvWqR9Yw7Bc1260sX','G98','Outros transtornos do sistema nervoso não classificados em outra parte');
INSERT INTO cid VALUES('TvkjlltC_MRtciW7ElU21','G99','Outros transtornos do sistema nervoso em doenças classificadas em outra parte');
INSERT INTO cid VALUES('mfaii_jmHw_pI1ON9zOno','H00','Hordéolo e calázio');
INSERT INTO cid VALUES('KO06et0UwNQWQToWWUzbx','H01','Outras inflamações da pálpebra');
INSERT INTO cid VALUES('8IxOm-MshLph9EGAdMnPV','H02','Outros transtornos da pálpebra');
INSERT INTO cid VALUES('JX_xAUFB8p-LwVcgrQZsm','H03','Transtornos da pálpebra em doenças classificadas em outras partes');
INSERT INTO cid VALUES('5-wVGGdgsPpMAcGADhpmX','H04','Transtornos do aparelho lacrimal');
INSERT INTO cid VALUES('yKmct9_ROgqPnmnOmERpn','H05','Transtornos da órbita');
INSERT INTO cid VALUES('Ad9uZi4HM4RD5c4j7kKF2','H06','Transtornos do aparelho lacrimal e da órbita em doenças classificadas em outra parte');
INSERT INTO cid VALUES('-uJXpg0LsQpeHmPE1vtUD','H10','Conjuntivite');
INSERT INTO cid VALUES('pbpAZ0OVo2Nuxu3POojAe','H11','Outros transtornos da conjuntiva');
INSERT INTO cid VALUES('_6bMe74F1K01p_4shL2LX','H13','Transtornos da conjuntiva em doenças classificadas em outra parte');
INSERT INTO cid VALUES('7eKz21ub8lhWqcpjj_Pxu','H15','Transtornos da esclerótica');
INSERT INTO cid VALUES('F4Jn3Gipr4g1FFt3YCSwU','H16','Ceratite');
INSERT INTO cid VALUES('bmZUXZfn9CsfyCtjCCwBz','H17','Cicatrizes e opacidades da córnea');
INSERT INTO cid VALUES('AFl6PHYnxdqEp1zMSHAiQ','H18','Outros transtornos da córnea');
INSERT INTO cid VALUES('buTEhyFN_ddB0ZThe_KqQ','H19','Transtorno da esclerótica e da córnea em doenças classificadas em outra parte');
INSERT INTO cid VALUES('73RVsryBR1vNkEADLgXSQ','H20','Iridociclite');
INSERT INTO cid VALUES('G0kARPLXrxkNq4Sqh2tf6','H21','Outros transtornos da íris e do corpo ciliar');
INSERT INTO cid VALUES('nItFVw3Q9pCTjP2Y0Yahr','H22','Transtornos da íris e do corpo ciliar em doenças classificadas em outra parte');
INSERT INTO cid VALUES('M0UneZbe5gPHMEA6uKC11','H25','Catarata senil');
INSERT INTO cid VALUES('rfrsIavcyQDp6ebOytzMF','H26','Outras cataratas');
INSERT INTO cid VALUES('J7UR9xDRnVt2RWfhFRtHz','H27','Outros transtornos do cristalino');
INSERT INTO cid VALUES('sqn6vURHXBUmW8dl5iagy','H28','Catarata e outros transtornos do cristalino em doenças classificadas em outra parte');
INSERT INTO cid VALUES('RSSqqBsmV_2fO_7sEmbuW','H30','In  amação coriorretiniana');
INSERT INTO cid VALUES('O6OCCnzWEvNUPcXo6KWK_','H31','Outros transtornos da coróide');
INSERT INTO cid VALUES('Gy-XyuHVrAf3lwv5BU5yf','H32','Transtornos coriorretinianos em doenças classificadas em outra parte');
INSERT INTO cid VALUES('cVUKzD1SI_Av_h7V5yZc9','H33','Descolamentos e defeitos da retina');
INSERT INTO cid VALUES('26Chd69FmAusniGTvL_dO','H34','Oclusões vasculares da retina');
INSERT INTO cid VALUES('xHY0uLjzezDb0YeJZncTJ','H35','Outros transtornos da retina');
INSERT INTO cid VALUES('QnDIpTVXLR88WvacWjMOV','H36','Transtornos da retina em doenças classificadas em outra parte');
INSERT INTO cid VALUES('jInz8WFhYFet125z8hojb','H40','Glaucoma');
INSERT INTO cid VALUES('SacyCf0pxBP22tbUXF0LD','H42','Glaucoma em doenças classificadas em outra parte');
INSERT INTO cid VALUES('7OHSWqNx0e18UA7qU1-aY','H43','Transtornos do humor vítreo');
INSERT INTO cid VALUES('XrkvoYHdUkPDhxyJXkKy9','H44','Transtornos do globo ocular');
INSERT INTO cid VALUES('-j1RiPJV7D43BQP22FgoU','H45','Transtornos do humor vítreo e do globo ocular em doenças classificadas em outra parte');
INSERT INTO cid VALUES('oPJBkPd4h05eYmNDBEW1H','H46','Neurite óptica');
INSERT INTO cid VALUES('3cavxtXJuSYoCYHnp0jVl','H47','Outros transtornos do nervo óptico e das vias ópticas');
INSERT INTO cid VALUES('kBJMnXQYy383w3jTyLnf2','H48','Transtornos do nervo óptico [segundo par] e das vias ópticas em doenças classificadas em outra parte');
INSERT INTO cid VALUES('kQrfsUUa_7L2cioOPcQLV','H49','Estrabismo paralítico');
INSERT INTO cid VALUES('yiBJjRSGB91rA9V1jsFtu','H50','Outros estrabismos');
INSERT INTO cid VALUES('qNPQ4Tm778LHQtdY2kUFM','H51','Outros transtornos do movimento binocular');
INSERT INTO cid VALUES('bjSwQhH0YRm3ghJ9JrKc4','H52','Transtornos da refração e da acomodação');
INSERT INTO cid VALUES('fvasUfmKK6eFFH9eJbgKm','H53','Distúrbios visuais');
INSERT INTO cid VALUES('ri5UOuyD3QUM7ulkwsYWJ','H54','Cegueira e visão subnormal');
INSERT INTO cid VALUES('039vq-1dqWUFUKR__neSy','H55','Nistagmo e outros movimentos irregulares do olho');
INSERT INTO cid VALUES('7Mb6_1c5BVDkGZJdE_FWS','H57','Outros transtornos do olho e anexos');
INSERT INTO cid VALUES('Tfp64K89B1f0C3TvSql3w','H58','Outros transtornos do olho e anexos em doenças classificadas em outra parte');
INSERT INTO cid VALUES('a4zFj1mEeRSPvmFvhsXHx','H59','Transtornos do olho e anexos pós-procedimento não classificados em outra parte');
INSERT INTO cid VALUES('Sumvqlz9qXYTzO_Sd06pa','H60','Otite externa');
INSERT INTO cid VALUES('zeZu_G8JA577XKKoMUTfh','H61','Outros transtornos do ouvido externo');
INSERT INTO cid VALUES('98n6t-tcFDobKcwF5uSJd','H62','Transtornos do ouvido externo em doenças classificadas em outra parte');
INSERT INTO cid VALUES('d6z_VuX-jrDJ5iaRrVSA9','H65','Otite média não-supurativa');
INSERT INTO cid VALUES('FuuRvbJ8YQdMzj1q68BA8','H66','Otite média supurativa e as não especificadas');
INSERT INTO cid VALUES('y5YBAqOaW70iSX4F6QCUn','H67','Otite média em doenças classificadas em outra parte');
INSERT INTO cid VALUES('19YvJ0gZSH0fQ-eJUabWo','H68','Salpingite e obstrução da trompa de Eustáquio');
INSERT INTO cid VALUES('pCklCv15bKES0dfu9HJDI','H69','Outros transtornos da trompa de Eustáquio');
INSERT INTO cid VALUES('ZEWmHpWQRe6fO0EgJi4Zo','H70','Mastoidite e afecções correlatas');
INSERT INTO cid VALUES('r2QqNrW3kfTmgtaZFswaT','H71','Colesteatoma do ouvido médio');
INSERT INTO cid VALUES('wYVUytmcwJ9QSxn0VgqmS','H72','Perfuração da membrana do tímpano');
INSERT INTO cid VALUES('8Hc1efEO8Ea112Pd1Qu3x','H73','Outros transtornos da membrana do tímpano');
INSERT INTO cid VALUES('xQr8LyeMPKPswDq0ETDV_','H74','Outros transtornos do ouvido médio e da mastóide');
INSERT INTO cid VALUES('CrbI9DuEvsDBv-1xC0s0L','H75','Outros transtornos do ouvido médio e da mastóide em doenças classificadas em outra parte');
INSERT INTO cid VALUES('Hr6v70gPLTiurYAsbr-sr','H80','Otosclerose');
INSERT INTO cid VALUES('Stnup48sJCYlgLm7LYCPt','H81','Transtornos da função vestibular');
INSERT INTO cid VALUES('X338eWTZSFi63ZfB1rJiJ','H82','Síndromes vertiginosas em doenças classificadas em outra parte');
INSERT INTO cid VALUES('nhHgg-GaqjlMqFOh_fMjZ','H83','Outros transtornos do ouvido interno');
INSERT INTO cid VALUES('UfVdknwDGglpUxbU_7tgR','H90','Perda de audição por transtorno de condução e/ou neuro-sensorial');
INSERT INTO cid VALUES('jIJgpBg98KQXjMWVf4PiV','H91','Outras perdas de audição');
INSERT INTO cid VALUES('F4mNA_NW_W1YtmRFrM9a1','H92','Otalgia e secreção auditiva');
INSERT INTO cid VALUES('QogB1JnQujhEc4kqhomNP','H93','Outros transtornos do ouvido não classificados em outra parte');
INSERT INTO cid VALUES('YC0btslwMUPRattmbCGMw','H94','Outros transtornos do ouvido em doenças classificadas em outra parte');
INSERT INTO cid VALUES('LsdcssIkKupYJXADDfhGO','H95','Transtornos do ouvido e da apó  se mastóide pós-procedimentos, não classificados em outra parte');
INSERT INTO cid VALUES('iyFk5shnnWxjmHcQiOu9T','I00','Febre reumática sem menção de comprometimento do coração');
INSERT INTO cid VALUES('llirCesUBOqGUM8f4ChWU','I01','Febre reumática com comprometimento do coração');
INSERT INTO cid VALUES('Bg5DPrgPbr34Uv9wvyMAN','I02','Coréia reumática');
INSERT INTO cid VALUES('KjO7M77MJI5ay3iL79cb4','I05','Doenças reumáticas da valva mitral');
INSERT INTO cid VALUES('sEfm0Gvr0MV4u-MY1HBJT','I06','Doenças reumáticas da valva aórtica');
INSERT INTO cid VALUES('3TchpSG449mGccC3-BhnX','I07','Doenças reumáticas da valva tricúspide');
INSERT INTO cid VALUES('AFWXw6cRFA_WcuXyHk3gf','I08','Doenças de múltiplas valvas');
INSERT INTO cid VALUES('xCAHWzTi25qiw-g6w69kc','I09','Outras doenças reumáticas do coração');
INSERT INTO cid VALUES('6s3ODJwizFH3I5WDwGU-K','I10','Hipertensão essencial (primária)');
INSERT INTO cid VALUES('21i-h-Ea_aKFNrX6rF6Pt','I11','Doença cardíaca hipertensiva');
INSERT INTO cid VALUES('1j1HSCV5wz7VppMbEn8LJ','I12','Doença renal hipertensiva');
INSERT INTO cid VALUES('vhIsAo2gqliEKHxpPbbjp','I13','Doença cardíaca e renal hipertensiva');
INSERT INTO cid VALUES('-OQ5WpYApf5g4kdsJNlub','I15','Hipertensão secundária');
INSERT INTO cid VALUES('Cpbpp5wwtJdwUyGYHOO3J','I20','Angina pectoris');
INSERT INTO cid VALUES('lh-G2D1cM0ClTIrBZtyCW','I21','Infarto agudo do miocárdio');
INSERT INTO cid VALUES('49NPSKe8Y9DbMyYf_HfsF','I22','Infarto do miocárdio recorrente');
INSERT INTO cid VALUES('8i8mlN4FUpp9H8ykRI87j','I23','Algumas complicações atuais subseqüentes ao infarto agudo do miocárdio');
INSERT INTO cid VALUES('WmcsdJo3e60qLGXG22S7X','I24','Outras doenças isquêmicas agudas do coração');
INSERT INTO cid VALUES('XBQnZ-aE3UuNH5objBAE1','I25','Doença isquêmica crônica do coração');
INSERT INTO cid VALUES('Vn78oEK2R245CJyP8V48J','I26','Embolia pulmonar');
INSERT INTO cid VALUES('hJxxVdbmx2ywER1hHYQ2s','I27','Outras formas de doença cardíaca pulmonar');
INSERT INTO cid VALUES('Q47bZjue0JxYupQVhhOUw','I28','Outras doenças dos vasos pulmonares');
INSERT INTO cid VALUES('WO_WbR6rmnOB_9mWIaJAZ','I30','Pericardite aguda');
INSERT INTO cid VALUES('q7mzfDKlAjLXR5RfiONR3','I31','Outras doenças do pericárdio');
INSERT INTO cid VALUES('j8KzjohL5FdcHZKQlXCpi','I32','Pericardite em doenças classificadas em outra parte');
INSERT INTO cid VALUES('qHo_cYT5FCU1tlzT5uVXY','I33','Endocardite aguda e subaguda');
INSERT INTO cid VALUES('zJ71WwM6w9azIUsfOeAUc','I34','Transtornos não-reumáticos da valva mitral');
INSERT INTO cid VALUES('5ta4tXRhj7Onku6TyUmWC','I35','Transtornos não-reumáticos da valva aórtica');
INSERT INTO cid VALUES('-U8K_2NbU7YXcR-oG3RZf','I36','Transtornos não-reumáticos da valva tricúspide');
INSERT INTO cid VALUES('RvUrk2PG19TgkijIiu1yT','I37','Transtornos da valva pulmonar');
INSERT INTO cid VALUES('qXJrldMcf9l7cLFsTiItw','I38','Endocardite de valva não especificada');
INSERT INTO cid VALUES('j-H-wSQqGo7R5z5l0n-R2','I39','Endocardite e transtornos valvulares cardíacos em doenças classificadas em outra parte');
INSERT INTO cid VALUES('x28DCypnL2KuxIyaCBS-I','I40','Miocardite aguda');
INSERT INTO cid VALUES('ioHHh1o51fEMfdOwV6lLP','I41','Miocardite em doenças classificadas em outra parte');
INSERT INTO cid VALUES('mMtoDW6k_jTiNPpZIm1Ms','I42','Cardiomiopatias');
INSERT INTO cid VALUES('ckhF7Tz8Jj7gUquir6rz1','I43','Cardiomiopatia em doenças classificadas em outra parte');
INSERT INTO cid VALUES('4SGrJ5uu7HwEaJ5p4h8PT','I44','Bloqueio atrioventricular e do ramo esquerdo');
INSERT INTO cid VALUES('oweGz7TjwrajvlkcEdAkL','I45','Outros transtornos de condução');
INSERT INTO cid VALUES('NDUR2rW2fiLwQu-yVLPBM','I46','Parada cardíaca');
INSERT INTO cid VALUES('d5X3WQvUMXDF_uO1Nn9_w','I47','Taquicardia paroxística');
INSERT INTO cid VALUES('d4lCuXKAU5N86jcaBcOfH','I48','Flutter e fibrilação atrial');
INSERT INTO cid VALUES('W4h9Jrdxw94CM79G8B5dO','I49','Outras arritmias cardíacas');
INSERT INTO cid VALUES('cKi4ZWkdnofM88wIMbL6A','I50','Insuficiência cardíaca');
INSERT INTO cid VALUES('_P3-A1D987xqMmbOeM8Rb','I51','Complicações de cardiopatias e doenças cardíacas mal definidas');
INSERT INTO cid VALUES('d1frGpsancDUeWAhxfQdn','I52','Outras afecções cardíacas em doenças classificadas em outra parte');
INSERT INTO cid VALUES('qm9788UqeR2WH1bN796_t','I60','Hemorragia subaracnóide');
INSERT INTO cid VALUES('rfx497qfwA4NCCwGZKYY6','I61','Hemorragia intracerebral');
INSERT INTO cid VALUES('rDW-sK90zD3TKtzTldrxR','I62','Outras hemorragias intracranianas não-traumáticas');
INSERT INTO cid VALUES('Pb_vpTQo3TGTO8kUD0xYl','I63','Infarto cerebral');
INSERT INTO cid VALUES('oE3j1njXT4Fr-vDYT6FBa','I64','Acidente vascular cerebral, não especificado como hemorrágico ou isquêmico');
INSERT INTO cid VALUES('YyVXlS5ObgncgFqw5TNPW','I65','Oclusão e estenose de artérias pré-cerebrais que não resultam em infarto cerebral');
INSERT INTO cid VALUES('jd2SoXKA5-ap7Ps-9NBtI','I66','Oclusão e estenose de artérias cerebrais que não resultam em infarto cerebral');
INSERT INTO cid VALUES('Hi_P8CDS237g0xJK65mKa','I67','Outras doenças cerebrovasculares');
INSERT INTO cid VALUES('_MI0uqnsLIKVHWGk_iMfx','I68','Transtornos cerebrovasculares em doenças classificadas em outra parte');
INSERT INTO cid VALUES('g9gdKSimKAtm5cgGdwrOB','I69','Seqüelas de doenças cerebrovasculares');
INSERT INTO cid VALUES('SZ96ardSccZ8N5XzmhFAz','I70','Aterosclerose');
INSERT INTO cid VALUES('OD6pbbDZFNo18P2ELpD1J','I71','Aneurisma e dissecção da aorta');
INSERT INTO cid VALUES('rWtwr9ESwofxBy64X46_-','I72','Outros aneurismas');
INSERT INTO cid VALUES('7MSVeWjaI3UovwolrajwU','I73','Outras doenças vasculares periféricas');
INSERT INTO cid VALUES('vtOdmJkYSIegxPTLZh8gV','I74','Embolia e trombose arteriais');
INSERT INTO cid VALUES('ch82CufOmag3twnx8EF3M','I77','Outras afecções das artérias e arteríolas');
INSERT INTO cid VALUES('e_VvxHkUvVTE0ctO-EqdR','I78','Doenças dos capilares');
INSERT INTO cid VALUES('W5Q5nx40wmU7T9VZ5d3ED','I79','Transtornos das artérias, das arteríolas e dos capilares em doenças classificadas em outra parte');
INSERT INTO cid VALUES('QYlz_AQBj70u3A1VvE7Jv','I80','Flebite e trombo flebite');
INSERT INTO cid VALUES('vu3YUbT3QbRtwUbwU7PZQ','I81','Trombose da veia porta');
INSERT INTO cid VALUES('aYG6qzfyRGIgNj-CETxlP','I82','Outra embolia e trombose venosas');
INSERT INTO cid VALUES('mp_tfdevcNVvI92v8K_i7','I83','Varizes dos membros inferiores');
INSERT INTO cid VALUES('KwojlLLmL3zFQMjFgJHDF','I84','Hemorróidas');
INSERT INTO cid VALUES('E3IEMCvpCweKzrBANtV47','I85','Varizes esofagianas');
INSERT INTO cid VALUES('ztx0fHbhyuqA9a0dJQhjp','I86','Varizes de outras localizações');
INSERT INTO cid VALUES('CRHu9dbaoj7PwXjP2Q44w','I87','Outros transtornos das veias');
INSERT INTO cid VALUES('Ptes4B0f7J7TqgBh71HBK','I88','Linfadenite inespecífica');
INSERT INTO cid VALUES('mY7R-NX9u9XIVCHb5b8vw','I89','Outros transtornos não-infecciosos dos vasos linfáticos e dos gânglios linfáticos');
INSERT INTO cid VALUES('OHZ_OE6YluVHtsoGV8u7r','I95','Hipotensão');
INSERT INTO cid VALUES('lp2IE01Kd0KoXLLtZQlVg','I97','Transtornos do aparelho circulatório, subseqüentes a procedimentos não classificados em outra parte');
INSERT INTO cid VALUES('z-W30e4BZAsxKqRPOm4Yf','I98','Outros transtornos do aparelho circulatório em doenças classificadas em outra parte');
INSERT INTO cid VALUES('72kOlVQ8bKyyXMqNowJb1','I99','Outros transtornos do aparelho circulatório e os não especificados');
INSERT INTO cid VALUES('5M6ZZfbewXdfS8Ha8Fn4a','J00','Nasofaringite aguda [resfriado comum]');
INSERT INTO cid VALUES('EX3VLKROqZ1zh-eS-r3I7','J01','Sinusite aguda');
INSERT INTO cid VALUES('iUMs68h6yVQpVof3EZEle','J02','Faringite aguda');
INSERT INTO cid VALUES('NA44QNR85p_c47hzDZa1x','J03','Amigdalite aguda');
INSERT INTO cid VALUES('bLmEJ6C6Mw-luQGkQE93V','J04','Laringite e traqueíte agudas');
INSERT INTO cid VALUES('Jwu8g20BmTRRHwNuZGEvq','J05','Laringite obstrutiva aguda [crupe] e epiglotite');
INSERT INTO cid VALUES('2-hLPF0ltkm5WfC6F_bpl','J06','Infecções agudas das vias aéreas superiores de localizações múltiplas e não especificadas');
INSERT INTO cid VALUES('c9pSdAxhkuFO4vAV1uCZ9','J09','Influenza [gripe] devida a vírus identificado da gripe aviária');
INSERT INTO cid VALUES('pRrc6sXMGOAxp_Awf4LQE','J10','Influenza devida a outro vírus da influenza [gripe] identificado');
INSERT INTO cid VALUES('ab8XrYNIbF4oGacw-WtIi','J11','Influenza [gripe] devida a vírus não identificado');
INSERT INTO cid VALUES('Ix4U-gcqq3ZiEVBwLPp7I','J12','Pneumonia viral não classificada em outra parte');
INSERT INTO cid VALUES('s3U6sWZuEGksJ7SMtwcHU','J13','Pneumonia devida a Streptococcus pneumoniae');
INSERT INTO cid VALUES('O3L-V6FcsbnWAIT44To8s','J14','Pneumonia devida a Haemophilus infuenzae');
INSERT INTO cid VALUES('xyKqUwohKAtJruX39_LMy','J15','Pneumonia bacteriana não classificada em outra parte');
INSERT INTO cid VALUES('LCyMhwvywgq92EUtbCdeP','J16','Pneumonia devida a outros microorganismos infecciosos especificados não classificados em outra parte');
INSERT INTO cid VALUES('2stYWTdfjQX9pXbAfTFpg','J17','Pneumonia em doenças classificadas em outra parte');
INSERT INTO cid VALUES('ngTU7IOuir2PGF2W2-CR7','J18','Pneumonia por microorganismo não especificada');
INSERT INTO cid VALUES('SuUPtxyz5Xdz32udMSo50','J20','Bronquite aguda');
INSERT INTO cid VALUES('zIyOLYK8X61j-fzBIOnAh','J21','Bronquiolite aguda');
INSERT INTO cid VALUES('Oyx8_fOZNb4s8dfeJynWr','J22','Infecções agudas não especificada das vias aéreas inferiores');
INSERT INTO cid VALUES('VhGOp6FRyCI-gIwAgsanW','J30','Rinite alérgica e vasomotora');
INSERT INTO cid VALUES('Bbgj0JTWt6c3_OXEHuosT','J31','Rinite, nasofaringite e faringite crônicas');
INSERT INTO cid VALUES('oXgTl1FNl7a4NFVRHG8Hs','J32','Sinusite crônica');
INSERT INTO cid VALUES('AJDPczlJkBAz1n6PBP6G3','J33','Pólipo nasal');
INSERT INTO cid VALUES('sUm6GduxPnvyRS_XKirYh','J34','Outros transtornos do nariz e dos seios paranasais');
INSERT INTO cid VALUES('CnmG5HhTjADRyHaRt7TMj','J35','Doenças crônicas das amígdalas e das adenóides');
INSERT INTO cid VALUES('KoSXQ5drm4LkG3KZ4himJ','J36','Abscesso periamigdaliano');
INSERT INTO cid VALUES('NB2LcBfHStbhWWa4hTv7I','J37','Laringite e laringotraqueíte crônicas');
INSERT INTO cid VALUES('w9RN_oEwlHOtGdRS-PEFr','J38','Doenças das cordas vocais e da laringe não classificadas em outra parte');
INSERT INTO cid VALUES('RZSb8UDmZIj0Q3cLyTN-g','J39','Outras doenças das vias aéreas superiores');
INSERT INTO cid VALUES('wSXEs3qotJj9PUi7Uh3_S','J40','Bronquite não especificada como aguda ou crônica');
INSERT INTO cid VALUES('gFBMQLIUYe4u8aPS4qRJ4','J41','Bronquite crônica simples e a mucopurulenta');
INSERT INTO cid VALUES('J1UNs9mQ-iCDOenEcQSrY','J42','Bronquite crônica não especificada');
INSERT INTO cid VALUES('GZW20heSa85io0zKNfS5x','J43','Enfisema');
INSERT INTO cid VALUES('J_nsrwXvydNwPz1NG1lSR','J44','Outras doenças pulmonares obstrutivas crônicas');
INSERT INTO cid VALUES('3NasPfsGkT2ow8PLjzvS-','J45','Asma');
INSERT INTO cid VALUES('COYmxXYig0wYKWTOZdrAY','J46','Estado de mal asmático');
INSERT INTO cid VALUES('x5zECHp1exaSi_C5qK6aV','J47','Bronquectasia');
INSERT INTO cid VALUES('QKAfu3_r8MMHSzBLtx1Ed','J60','Pneumoconiose dos mineiros de carvão');
INSERT INTO cid VALUES('UBspuF6xgdpznzn4v_1cY','J61','Pneumoconiose devida a amianto [asbesto] e outras fibras minerais');
INSERT INTO cid VALUES('qtTRqMro3wmiffSy_jedY','J62','Pneumoconiose devida a poeira que contenham sílica');
INSERT INTO cid VALUES('aPWtADef-KKeZby38Uuot','J63','Pneumoconiose devida a outras poeiras inorgânicas');
INSERT INTO cid VALUES('91sE40w_lU2vZzJSwKgM8','J64','Pneumoconiose não especificada');
INSERT INTO cid VALUES('Wa6kyil1FPTtBGRXxWIP-','J65','Pneumoconiose associada com tuberculose');
INSERT INTO cid VALUES('n_7Cr_It65Oa10X5DG8-a','J66','Doenças das vias aéreas devida a poeiras orgânicas específicas');
INSERT INTO cid VALUES('lwvT8mRb5jsdtZtI2T65x','J67','Pneumonite de hipersensibilidade devida a poeiras orgânicas');
INSERT INTO cid VALUES('N6VIOHi85jRzhqSlGQQe8','J68','Afecções respiratórias devidas a inalação de produtos químicos, gases, fumaças e vapores');
INSERT INTO cid VALUES('dQPOoM8ivbCkeI-hkqdD_','J69','Pneumonite devida a sólidos e líquidos');
INSERT INTO cid VALUES('FSDBwU1VWCW6RZ7Yd72UH','J70','Afecções respiratórias devida a outros agentes externos');
INSERT INTO cid VALUES('TRSVpYoRbReqf4xoif3ZB','J80','Síndrome do desconforto respiratório do adulto');
INSERT INTO cid VALUES('DEZxjTCuSI6ciiGHQsMIb','J81','Edema pulmonar, não especificado de outra forma');
INSERT INTO cid VALUES('9hAPjSAJ8C5lFQUfKKTFk','J82','Eosinofilia pulmonar, não classificada em outra parte');
INSERT INTO cid VALUES('vwr4ssGST1Gzab3cUtUKD','J84','Outras doenças pulmonares intersticiais');
INSERT INTO cid VALUES('sv9HIpiCksW83iRvmHQ2f','J85','Abscesso do pulmão e do mediastino');
INSERT INTO cid VALUES('y6Cig-wZmFoQDIBwWHsJ4','J86','Piotórax');
INSERT INTO cid VALUES('LGqHW3_AsY24ReVduXVr0','J90','Derrame pleural não classificado em outra parte');
INSERT INTO cid VALUES('TndOv1XdVJIIXhrzBKnke','J91','Derrame pleural em afecções classificadas em outra parte');
INSERT INTO cid VALUES('aHxVIbNi4kvt6LP0SJbuZ','J92','Placas pleurais');
INSERT INTO cid VALUES('d40A4ypQuANvI4bEK4V5Y','J93','Pneumotórax');
INSERT INTO cid VALUES('LndW7Bg0v0EBND_GdwKIZ','J94','Outras afecções pleurais');
INSERT INTO cid VALUES('-3qr-gKGA6B0l4InIsVc1','J95','Afecções respiratórias pós-procedimentos não classificadas em outra parte');
INSERT INTO cid VALUES('ZAwU68lt3Qm3w9jBo9ViP','J96','Insuficiência respiratória não classificada de outra parte');
INSERT INTO cid VALUES('JQGJeq5qVflymn7UCp2SG','J98','Outros transtornos respiratórios');
INSERT INTO cid VALUES('LoRdUa8OzT8fbk97-FOkN','J99','Transtornos respiratórios em doenças classificadas em outra parte');
INSERT INTO cid VALUES('P5Pm1cqXLwQiHanxVkNHB','K00','Distúrbios do desenvolvimento e da erupção dos dentes');
INSERT INTO cid VALUES('BDGwO9e8eHTYSEhSpR3NN','K01','Dentes inclusos e impactados');
INSERT INTO cid VALUES('Vr0t8YAcZl_nbF35vkr4P','K02','Cárie dentária');
INSERT INTO cid VALUES('Rm9LnY-z4lfPj4sAe5O-k','K03','Outras doenças dos tecidos dentários duros');
INSERT INTO cid VALUES('0PnWw7fxXjsDbViqcieHH','K04','Doenças da polpa e dos tecidos periapicais');
INSERT INTO cid VALUES('QZkBr_jPHEFHc3EPQWq9P','K05','Gengivite e doenças periodontais');
INSERT INTO cid VALUES('otXWjjAUjtYgUN_VSfTmc','K06','Outros transtornos da gengiva e do rebordo alveolar sem dentes');
INSERT INTO cid VALUES('bCxun5vheUZcQjpu8Q-WS','K07','Anomalias dentofaciais (inclusive a maloclusão)');
INSERT INTO cid VALUES('GH0Ht2FvyndeUxuBkwcNM','K08','Outros transtornos dos dentes e de suas estruturas de sustentação');
INSERT INTO cid VALUES('lGJ-kMKTtSgnd-P8Mnp5Y','K09','Cistos da região bucal não classificados em outra parte');
INSERT INTO cid VALUES('8gB9nmQh_FZ0o48UTNbIh','K10','Outras doenças dos maxilares');
INSERT INTO cid VALUES('jGJE5wrktLBqQ0KPUg_kE','K11','Doenças das glândulas salivares');
INSERT INTO cid VALUES('nF8g-EzQU3a_HLbaB5-tR','K12','Estomatite e lesões correlatas');
INSERT INTO cid VALUES('t_k_Fz9ijO_ush-VSLZ6B','K13','Outras doenças do lábio e da mucosa oral');
INSERT INTO cid VALUES('iZVy-Cf1RU25XNPFgbvW6','K14','Doenças da língua');
INSERT INTO cid VALUES('6yextf1DhyYwfuJjt0k7S','K20','Esofagite');
INSERT INTO cid VALUES('UQGqXWLTo7WM2nQXdKfA8','K21','Doença de refluxo gastroesofágico');
INSERT INTO cid VALUES('Z0WUg3X1DByP029SbC6gc','K22','Outras doenças do esôfago');
INSERT INTO cid VALUES('MJdKBU528I_PJsulLTK-5','K23','Transtornos do esôfago em doenças classificadas em outra parte');
INSERT INTO cid VALUES('BnHYr2LGhXo9Aj4lZbWc0','K25','Úlcera gástrica');
INSERT INTO cid VALUES('CZ7IQHC5lDKMJnSVxlI0D','K26','Úlcera duodenal');
INSERT INTO cid VALUES('yWdl_AwqIcvmXickLhBIK','K27','Úlcera péptica de localização não especificada');
INSERT INTO cid VALUES('uiPevWF_GrW0vyMeHcMSN','K28','Úlcera gastrojejunal');
INSERT INTO cid VALUES('QqnWeClaBdHToLnKk5LJw','K29','Gastrite e duodenite');
INSERT INTO cid VALUES('hqKn6FQyBJDKvaDifOfl-','K30','Dispepsia');
INSERT INTO cid VALUES('VrCnMhqG23IeVMMj1Aaga','K31','Outras doenças do estômago e do duodeno');
INSERT INTO cid VALUES('lcVyiy2YuZ2u4-MOU8oMZ','K35','Apendicite aguda');
INSERT INTO cid VALUES('5_6kROI47bSJotMFKrYcU','K36','Outras formas de apendicite');
INSERT INTO cid VALUES('-CXv3UXfEqVOaXTnxx36w','K37','Apendicite, sem outras especificações');
INSERT INTO cid VALUES('vgsONUKNZ4VTSx04U0bM5','K38','Outras doenças do apêndice');
INSERT INTO cid VALUES('M-l98vCMZPL2a-Wie_BRc','K40','Hérnia inguinal');
INSERT INTO cid VALUES('o72eIWCaO0SV-3kLuMc8O','K41','Hérnia femoral');
INSERT INTO cid VALUES('9mY5WWp0hqBPKJc9EDO7N','K42','Hérnia umbilical');
INSERT INTO cid VALUES('9rfdxpTW3KIucUkkYmHsD','K43','Hérnia ventral');
INSERT INTO cid VALUES('1aULYk93zTGMpgUyFXCd6','K44','Hérnia diafragmática');
INSERT INTO cid VALUES('E11UOv8ziHa0b--EMNvMA','K45','Outras hérnias abdominais');
INSERT INTO cid VALUES('LmSDBZG-9XQ-6-SVvjGHg','K46','Hérnia abdominal não especificada');
INSERT INTO cid VALUES('8UdjYCHXvrNRvXQj5qVPn','K50','Doença de Crohn [enterite regional]');
INSERT INTO cid VALUES('lLuSyANZhjBhqhSXEclU1','K51','Colite ulcerativa');
INSERT INTO cid VALUES('CHhEtlH4mldvKpT45XksO','K52','Outras gastroenterites e colites não-infecciosas');
INSERT INTO cid VALUES('n9e3uPfzH6oYs8R8cpTA9','K55','Transtornos vasculares do intestino');
INSERT INTO cid VALUES('vcHgfo06zmPkPva73R_Fg','K56','Íleo paralítico e obstrução intestinal sem hérnia');
INSERT INTO cid VALUES('cYfcxKxI79Uad0dFzO3_r','K57','Doença diverticular do intestino');
INSERT INTO cid VALUES('2hX0f4hIM_ZHQ7X14A6Yt','K58','Síndrome do cólon irritável');
INSERT INTO cid VALUES('l-3YY1E9a6IcQWqAix7MA','K59','Outros transtornos funcionais do intestino');
INSERT INTO cid VALUES('Bqg_GJLDB-nX1zT1gnJTB','K60','Fissura e fístula das regiões anal e retal');
INSERT INTO cid VALUES('puuc_ePtFp_erB0hklQdt','K61','Abscesso das regiões anal e retal');
INSERT INTO cid VALUES('Y6CW70jrmuQXS398keIWA','K62','Outras doenças do reto e do ânus');
INSERT INTO cid VALUES('tQRUXH0RLY4jybJEba6dZ','K63','Outras doenças do intestino');
INSERT INTO cid VALUES('sSAKjTFYJSaeZPMY-HSOn','K65','Peritonite');
INSERT INTO cid VALUES('uOg7_ZzoyRovhLhgRxSsE','K66','Outros transtornos do peritônio');
INSERT INTO cid VALUES('DpbyDURXk7Xy3pAQG9vkH','K67','Comprometimento do peritônio, em doenças infecciosas classificadas em outra parte');
INSERT INTO cid VALUES('dQDmXHmDgv7KhTF0Cy2GO','K70','Doença alcoólica do fígado');
INSERT INTO cid VALUES('1Bn-WS5vhjeTyiN1OkRqy','K71','Doença hepática tóxica');
INSERT INTO cid VALUES('fwT0q08Q3qEJVcLHNzbbE','K72','Insu  ciência hepática não classificada em outra parte');
INSERT INTO cid VALUES('t9LGEsWc1vN-x4C-USVkh','K73','Hepatite crônica não classificada em outra parte');
INSERT INTO cid VALUES('LgHJcI2RKhuoEgCGBYsUH','K74','Fibrose e cirrose hepáticas');
INSERT INTO cid VALUES('j-c2RoPiLVVcpvnYLUXW6','K75','Outras doenças inflamatórias do fígado');
INSERT INTO cid VALUES('pP5AJD3j-4X4KUa1A2dBb','K76','Outras doenças do fígado');
INSERT INTO cid VALUES('6q8VYBnWaEDD-E0oMRnkg','K77','Transtornos do fígado em doenças classificadas em outra parte');
INSERT INTO cid VALUES('ZcxZoxJ99Z8XkcZnYN-Hj','K80','Colelitíase');
INSERT INTO cid VALUES('R4tHlHx8DLBM2ERLymvMr','K81','Colecistite');
INSERT INTO cid VALUES('8xcXzGZssfdT-EFOnT1vr','K82','Outras doenças da vesícula biliar');
INSERT INTO cid VALUES('VqgA8f92f_xMEftyz6Fgf','K83','Outras doenças das vias biliares');
INSERT INTO cid VALUES('31Z5Kxo1siFLQieFTSzQL','K85','Pancreatite aguda');
INSERT INTO cid VALUES('43_qF718J5cm7WguyviAE','K86','Outras doenças do pâncreas');
INSERT INTO cid VALUES('JXcjrlIGthyFXX3m2Bz-u','K87','Transtornos da vesícula biliar, das vias biliares e do pâncreas em doenças classificadas em outra parte');
INSERT INTO cid VALUES('-JJ7PTLW0QQBhE0gkfjYW','K90','Má-absorção intestinal');
INSERT INTO cid VALUES('icGX8Ym49DyfPo1ZFKLly','K91','Transtornos do aparelho digestivo pós-procedimentos, não classificados em outra parte');
INSERT INTO cid VALUES('CVFZPcbUDlQwN3g0Dh8n-','K92','Outras doenças do aparelho digestivo');
INSERT INTO cid VALUES('L4gQyAEetm1p8KNw_nlRw','K93','Transtornos de outros órgãos digestivos em doenças classificadas em outra parte');
INSERT INTO cid VALUES('3iKHAMNtNCa43FyBClsZL','L00','Síndrome da pele escaldada estafilocócica do recém-nascido');
INSERT INTO cid VALUES('brSRmKS2h4N7Ju5gIUYql','L01','Impetigo');
INSERT INTO cid VALUES('m7G-o6E2XQp9WS7LguLqf','L02','Abscesso cutâneo, furúnculo e antraz');
INSERT INTO cid VALUES('2-x43t0NRbT8mk7DzmL6K','L03','Celulite (Flegmão)');
INSERT INTO cid VALUES('7bYgjzBFKtf7FlLlvwUUk','L04','Linfadenite aguda');
INSERT INTO cid VALUES('f8lSaIIIZY8Q8uPVtw5yZ','L05','Cisto pilonidal');
INSERT INTO cid VALUES('8wfoDQSpH75jm9pNU0NZt','L08','Outras infecções localizadas da pele e do tecido subcutâneo');
INSERT INTO cid VALUES('P76pJ6yG07wpKrzrPvEpa','L10','Pênfigo');
INSERT INTO cid VALUES('SwvwjW8n9e_Paf3vH5bO-','L11','Outras afecções acantolíticas');
INSERT INTO cid VALUES('CQm_Y3CR0nBvaeHa4lOSf','L12','Penfigóide');
INSERT INTO cid VALUES('OQFZi-MCA1ajlgpCk6J7k','L13','Outras afecções bolhosas');
INSERT INTO cid VALUES('Ppq0H5NCgflMYP7bcNSPX','L14','Afecções bolhosas em doenças classificadas em outra parte');
INSERT INTO cid VALUES('dbaUQgdk0cw_nzLu-O5ig','L20','Dermatite atópica');
INSERT INTO cid VALUES('6eQU6kXUokMG97lymUl7_','L21','Dermatite seborréica');
INSERT INTO cid VALUES('oSZJJXVU-DkFyuvDm78fL','L22','Dermatite das fraldas');
INSERT INTO cid VALUES('JAiITOurkOHE5TwK48fxK','L23','Dermatites alérgicas de contato');
INSERT INTO cid VALUES('s2fpb8gETvSf2cScenvcN','L24','Dermatites de contato por irritantes');
INSERT INTO cid VALUES('kK9CzYzIMnZ3Iep6q-m2w','L25','Dermatite de contato não especificada');
INSERT INTO cid VALUES('KnfamRkcdVUiNn9PID8h8','L26','Dermatite esfoliativa');
INSERT INTO cid VALUES('MyLnYiZASjRU8Ung8nDXb','L27','Dermatite devida a substâncias de uso interno');
INSERT INTO cid VALUES('3vIkuPa81ejEGRNyOHtnr','L28','Líquen simples crônico e prurigo');
INSERT INTO cid VALUES('gYCU5hfjlk4fl_uyJRbtB','L29','Prurido');
INSERT INTO cid VALUES('Q6eqMPWYrlowPQXnxCV4K','L30','Outras dermatites');
INSERT INTO cid VALUES('aqpoElv4Rre63xYWzkQOa','L40','Psoríase');
INSERT INTO cid VALUES('B65xKcALPetj9jaTozLAa','L41','Parapsoríase');
INSERT INTO cid VALUES('9pktccjbYdFq31tnXT4uS','L42','Pitiríase rósea');
INSERT INTO cid VALUES('-9_60a8ewv8sz8Vw4NrYo','L43','Líquen plano');
INSERT INTO cid VALUES('PtxtJTRNVs6d8KjvCiw-y','L44','Outras afecções pápulo-descamativas');
INSERT INTO cid VALUES('skRkZHjPyJgOBNhFQL4Ib','L45','Afecções pápulo-descamativas em doenças classificadas em outra parte');
INSERT INTO cid VALUES('wwaLGT5KEuGGwZsK4x-pD','L50','Urticária');
INSERT INTO cid VALUES('4h9HPl14QQOzXtWbJ2g0l','L51','Eritema polimorfo (eritema multiforme)');
INSERT INTO cid VALUES('IKoW5mqIXJjiR0tVeRYCv','L52','Eritema nodoso');
INSERT INTO cid VALUES('XSSo_w5weGFyKyRUXehWN','L53','Outras afecções eritematosas');
INSERT INTO cid VALUES('J9ezHYsPMTQOO9UltrvWF','L54','Eritema em doenças classificadas em outra parte');
INSERT INTO cid VALUES('-LVNwM75cGgHmXM9hKDpV','L55','Queimadura solar');
INSERT INTO cid VALUES('w6Mf15rtGiPu1qCvNVtOP','L56','Outras alterações agudas da pele devidas a radiação ultravioleta');
INSERT INTO cid VALUES('HhTonlf6f8cUys_Hp8PC2','L57','Alterações da pele devidas à exposição crônica à radiação não ionizante');
INSERT INTO cid VALUES('TFnL_ztLRccRjK97U9bta','L58','Radiodermatite');
INSERT INTO cid VALUES('r5usy9frp8YhGrY8mQdTq','L59','Outras afecções da pele e do tecido subcutâneo relacionadas com a radiação');
INSERT INTO cid VALUES('0RPgec8M8JLSNASLml1on','L60','Afecções das unhas');
INSERT INTO cid VALUES('mo-AsZuoqMAtGg051GSLB','L62','Afecções das unhas em doenças classificadas em outra parte');
INSERT INTO cid VALUES('JP3OEbV6vSfLam_Enxkrk','L63','Alopécia areata');
INSERT INTO cid VALUES('bnbbwG3Y9-hmanmbvAhJs','L64','Alopécia androgênica');
INSERT INTO cid VALUES('gqv2Ur8PPLOdTBIlYEG7E','L65','Outras formas não cicatriciais da perda de cabelos ou pêlos');
INSERT INTO cid VALUES('PdflGSSTXmwK293QTtLq7','L66','Alopécia cicatricial [perda de cabelos ou pêlos, cicatricial]');
INSERT INTO cid VALUES('6-IwfH6kwSUXk14La3zGo','L67','Anormalidades da cor e do pedículo dos cabelos e dos pêlos');
INSERT INTO cid VALUES('8tRLyy8hISDD8a2LBjZfx','L68','Hipertricose');
INSERT INTO cid VALUES('RYbO2kbtnfmfk-wbrPymU','L70','Acne');
INSERT INTO cid VALUES('_ojGrZkNMFvwOGAdmL03d','L71','Rosácea');
INSERT INTO cid VALUES('E9bnaAn3MJRH_iI8CqIkr','L72','Cistos foliculares da pele e do tecido subcutâneo');
INSERT INTO cid VALUES('Vu5s1bztlz4_7awZPgYjB','L73','Outras afecções foliculares');
INSERT INTO cid VALUES('KOJLfKjvK49kfNfDQ1hG8','L74','Afecções das glândulas sudoríparas écrinas');
INSERT INTO cid VALUES('TD7F_XfOrWWKV116bN3uu','L75','Afecções das glândulas sudoríparas apócrinas');
INSERT INTO cid VALUES('GL-PN86ST58Kw1-0TsaHa','L80','Vitiligo');
INSERT INTO cid VALUES('QOOl9ztjPFip-hQUOWdMr','L81','Outros transtornos da pigmentação');
INSERT INTO cid VALUES('iJ4qBc2uIGOY2uDEvAacK','L82','Ceratose seborréica');
INSERT INTO cid VALUES('8PUAMGv_2eb9xkZdbqcwN','L83','Acantose nigricans');
INSERT INTO cid VALUES('AqJgkcEFY34Xf7lh2c3yH','L84','Calos e calosidades');
INSERT INTO cid VALUES('UlB60LPBLfGErwFGGJOt8','L85','Outras formas de espessamento epidérmico');
INSERT INTO cid VALUES('2845iQ_Oyor7E4sfm-kzF','L86','Ceratodermia em doenças classi  cadas em outra parte');
INSERT INTO cid VALUES('VhCO2w3YC377oEkEgDT5h','L87','Transtornos da eliminação transepidérmica');
INSERT INTO cid VALUES('xuEVRfzyFWeRLYl-lzYgf','L88','Piodermite gangrenosa');
INSERT INTO cid VALUES('LvMIwh6gQ2JjkNNecnu-z','L89','Úlcera de decúbito');
INSERT INTO cid VALUES('NW5YpkNvtKCIi-3OV6RSL','L90','Afecções atróficas da pele');
INSERT INTO cid VALUES('D1UtFuBAdkRm7gda0mZ9z','L91','Afecções hipertróficas da pele');
INSERT INTO cid VALUES('rhGRCzeXZMW_XRsOBpl6M','L92','Afecções granulomatosas da pele e do tecido subcutâneo');
INSERT INTO cid VALUES('tQ1l9zrRufAe--Zhq-T65','L93','Lúpus eritematoso');
INSERT INTO cid VALUES('2jBSF4KfwYFXQMMJmrOt8','L94','Outras afecções localizadas do tecido conjuntivo');
INSERT INTO cid VALUES('LAY5C_mRRz4c2rnAwdT5X','L95','Vasculite limitada a pele não classificadas em outra parte');
INSERT INTO cid VALUES('I9gdtO2UpSu5ualfsHCM4','L97','Úlcera dos membros inferiores não classificada em outra parte');
INSERT INTO cid VALUES('0FjAYrdtbUJQgY25PohrU','L98','Outras afecções da pele e do tecido subcutâneo não classificadas em outra parte');
INSERT INTO cid VALUES('aAKrQWcu9Im4lViBObF5V','L99','Outras afecções da pele e do tecido subcutâneo em doenças classificadas em outra parte');
INSERT INTO cid VALUES('OZKUXOAcLWazVqKEm1I3x','M00','Artrite piogênica');
INSERT INTO cid VALUES('gLpUL2Tn7tr3KVUeECGpX','M01','Infecções diretas da articulação em doenças infecciosas e parasitárias classificadas em outra parte');
INSERT INTO cid VALUES('mMrKx_dedbZRMft0RMnzd','M02','Artropatias reacionais');
INSERT INTO cid VALUES('Sb_AnhOLeu92AAz4tBUjs','M03','Artropatias pós-infecciosas e reacionais em doenças infecciosas classificadas em outra parte');
INSERT INTO cid VALUES('MJ513RPIrXmk2_YN8VUoF','M05','Artrite reumatóide soro-positiva');
INSERT INTO cid VALUES('D3BTbXzDZCW7ZEMboXmlh','M06','Outras artrites reumatóides');
INSERT INTO cid VALUES('1InPdM_kDRP1c1wn7vjwR','M07','Artropatias psoriásicas e enteropáticas');
INSERT INTO cid VALUES('yMkYwme6emUlZa0GHPCXE','M08','Artrite juvenil');
INSERT INTO cid VALUES('Rusvv4B7KfORgyMltJd65','M09','Artrite juvenil em doenças classificadas em outra parte');
INSERT INTO cid VALUES('UM3-dBOVfjyMgL8r-nNy4','M10','Gota');
INSERT INTO cid VALUES('0FdT_mc_Vu6wEntoC14rw','M11','Outras artropatias por deposição de cristais');
INSERT INTO cid VALUES('n8EMA-a7XEzXaergN2oCp','M12','Outras artropatias especificadas');
INSERT INTO cid VALUES('EhNuBE_YUS-AltUUqjZQi','M13','Outras artrites');
INSERT INTO cid VALUES('7_T3NrdZAlaHwf5powveV','M14','Artropatias em outras doenças classificadas em outra parte');
INSERT INTO cid VALUES('2RtORzYBCEaJFk-Qdment','M15','Poliartrose');
INSERT INTO cid VALUES('90nR3aacf5K_JSNe08wI1','M16','Coxartrose [artrose do quadril]');
INSERT INTO cid VALUES('GnIee5KeHg1M59G1M5L0t','M17','Gonartrose [artrose do joelho]');
INSERT INTO cid VALUES('-q4p2Q4eXkdOgLpbxhjl_','M18','Artrose da primeira articulação carpometacarpiana');
INSERT INTO cid VALUES('hAY_h6chKP2MeR6oqvOLU','M19','Outras artroses');
INSERT INTO cid VALUES('MQmSmIJZEWTzSD2eV-hP4','M20','Deformidades adquiridas dos dedos das mãos e dos pés');
INSERT INTO cid VALUES('gb-joj2u9-r6H_8UTUXGj','M21','Outras deformidades adquiridas dos membros');
INSERT INTO cid VALUES('V879cDvq8K4VJcox7N6SL','M22','Transtornos da rótula [patela]');
INSERT INTO cid VALUES('rJGY2XnjfEy0K3llmLfLs','M23','Transtornos internos dos joelhos');
INSERT INTO cid VALUES('gsVQX_XmNvqNylUKWCedI','M24','Outros transtornos articulares específicos');
INSERT INTO cid VALUES('Rw0F55TLHLIWCdcwRMB5d','M25','Outros transtornos articulares não classificados em outra parte');
INSERT INTO cid VALUES('LVfsTL_O-30PF8siH2w-f','M30','Poliarterite nodosa e afecções correlatas');
INSERT INTO cid VALUES('EoPvzuutJNsUECRscY8n0','M31','Outras vasculopatias necrotizantes');
INSERT INTO cid VALUES('vC7qI5SPnM_CoA3cFj94J','M32','Lúpus eritematoso disseminado [sistêmico]');
INSERT INTO cid VALUES('G8Ri8UZMhoreVjkfxzf5v','M33','Dermatopoliomiosite');
INSERT INTO cid VALUES('oicjEfr1V3fIkU79hLnhb','M34','Esclerose sistêmica');
INSERT INTO cid VALUES('my3_Fnz2cbVF0SHS76o0T','M35','Outras afecções sistêmicas do tecido conjuntivo');
INSERT INTO cid VALUES('9QEad8Hq1mgGMwULYzR48','M36','Doenças sistêmicas do tecido conjuntivo em doenças classificadas em outra parte');
INSERT INTO cid VALUES('LagxOMXINn7uy9E6ew9-w','M40','Cifose e lordose');
INSERT INTO cid VALUES('b3xqAXPMOiOyZ_JOLR6XH','M41','Escoliose');
INSERT INTO cid VALUES('uj004FluhvTpSYhgbIFdU','M42','Osteocondrose da coluna vertebral');
INSERT INTO cid VALUES('pxY80vcCJaxVt6oRGt4vZ','M43','Outras dorsopatias deformantes');
INSERT INTO cid VALUES('ePM2aAL4bu86Z4moCRzhQ','M45','Espondilite ancilosante');
INSERT INTO cid VALUES('I8X8nLR9aMjNF5ULsY-Mt','M46','Outras espondilopatias inflamatórias');
INSERT INTO cid VALUES('_bPID0dhRYtZtQ0woQctD','M47','Espondilose');
INSERT INTO cid VALUES('gqtjcDwCcdewAqGKHABp-','M48','Outras espondilopatias');
INSERT INTO cid VALUES('jQ53D9iK519hscPVrJak-','M49','Espondilopatias em doenças classificadas em outra parte');
INSERT INTO cid VALUES('ulVgRtkdgjJC9w2QP2xCF','M50','Transtornos dos discos cervicais');
INSERT INTO cid VALUES('-YJmgxmjtAR8HrXfK9TNr','M51','Outros transtornos de discos intervertebrais');
INSERT INTO cid VALUES('DvsaxGFXk0tqtESTJS_qc','M53','Outras dorsopatias não classificadas em outra parte');
INSERT INTO cid VALUES('sxdV6bXtOinXk55kD8X1e','M54','Dorsalgia');
INSERT INTO cid VALUES('iuIhchgh2f2PA19SzltVW','M60','Miosite');
INSERT INTO cid VALUES('p4vxeOjwtNo_sfbrliFdE','M61','Calcificação e ossificação do músculo');
INSERT INTO cid VALUES('cTB0iwWjFjYmBg2NRz9by','M62','Outros transtornos musculares');
INSERT INTO cid VALUES('o5pGa_vbZgTdeF_ww98pQ','M63','Transtornos de músculo em doenças classificadas em outra parte');
INSERT INTO cid VALUES('dHnrELdAONDMROMXw8YD0','M65','Sinovite e tenossinovite');
INSERT INTO cid VALUES('189AuilYvTzdydNiyFem4','M66','Ruptura espontânea de sinóvia e de tendão');
INSERT INTO cid VALUES('5EyxJzKWHHCycCtYQujxl','M67','Outros transtornos das sinóvias e dos tendões');
INSERT INTO cid VALUES('zJoe5cEIHztTOQjXkQ8z-','M68','Transtorno de sinóvias e de tendões em doenças classificadas em outra parte');
INSERT INTO cid VALUES('BhUUQfO1e1AAafJGtPYzo','M70','Transtornos dos tecidos moles relacionados com o uso, uso excessivo e pressão');
INSERT INTO cid VALUES('F9yB-EAElySqyb9T8wrqA','M71','Outras bursopatias');
INSERT INTO cid VALUES('0bP84mu5vF-EM7L01txPC','M72','Transtornos fibroblásticos');
INSERT INTO cid VALUES('XsJ4oox2RCsXMzM2RGrrP','M73','Transtornos dos tecidos moles em doenças classificadas em outra parte');
INSERT INTO cid VALUES('8nNNP-RjCc_9pjQFEzsxl','M75','Lesões do ombro');
INSERT INTO cid VALUES('Yjwowr-7iQQjaoCf3Ew43','M76','Entesopatias dos membros inferiores, excluindo pé');
INSERT INTO cid VALUES('HNeVyHBXEbzdeg_1Xcy1a','M77','Outras entesopatias');
INSERT INTO cid VALUES('S9t0ai_3AZY9F8jzfmzYs','M79','Outros transtornos dos tecidos moles, não classificados em outra parte');
INSERT INTO cid VALUES('jgyB6EkV1VNf-eMxcyrw2','M80','Osteoporose com fratura patológica');
INSERT INTO cid VALUES('6quAmhXNc1WrP32_Pix90','M81','Osteoporose sem fratura patológica');
INSERT INTO cid VALUES('cZdEaxDm7wxt8uGh0WGx2','M82','Osteoporose em doenças classificadas em outra parte');
INSERT INTO cid VALUES('HRnU8e9-vgeZ7DymxriDk','M83','Osteomalácia do adulto');
INSERT INTO cid VALUES('irbnIVlu5jlRRL6WTYQS3','M84','Transtornos da continuidade do osso');
INSERT INTO cid VALUES('DCuJjtrVAAaYfcSwmU2IV','M85','Outros transtornos da densidade e da estrutura ósseas');
INSERT INTO cid VALUES('IPbsqpXctdkxbKjQkQHBP','M86','Osteomielite');
INSERT INTO cid VALUES('euqPfREsQ20FpZLqjQxhE','M87','Osteonecrose');
INSERT INTO cid VALUES('9GAoHLamVgyHGDBA2Kh4F','M88','Doença de Paget do osso (osteíte deformante)');
INSERT INTO cid VALUES('28JF318iR2FodkNP_hzsY','M89','Outros transtornos ósseos');
INSERT INTO cid VALUES('JhDOqF58-5llIKhv7HunG','M90','Osteopatias em doenças classificadas em outra parte');
INSERT INTO cid VALUES('QgLizx2j5h0T3F3gJ34sv','M91','Osteocondrose juvenil do quadril e da pelve');
INSERT INTO cid VALUES('skrbQmARWmVAa4lHUHHXj','M92','Outras osteocondroses juvenis');
INSERT INTO cid VALUES('SoQc4WRPAJX82TTnjyP2T','M93','Outras osteocondropatias');
INSERT INTO cid VALUES('008gyAL_AV-qOL7xBwmBc','M94','Outros transtornos das cartilagens');
INSERT INTO cid VALUES('Xsx_585rn7-n4BCeOmtiP','M95','Outras deformidades adquiridas do sistema osteomuscular e do tecido conjuntivo');
INSERT INTO cid VALUES('KWqPQjsvfBFZKaX0u55QX','M96','Transtornos osteomusculares pós-procedimentos não classificados em outra parte');
INSERT INTO cid VALUES('gBbCEwSQUOZdJNNVdW7hY','M99','Lesões biomecânicas não classificadas em outra parte');
INSERT INTO cid VALUES('Ibugxew3QDdHfbZm6jFgq','N00','Síndrome nefrítica aguda');
INSERT INTO cid VALUES('WevZvsI-mIV23Yl1ow13-','N01','Síndrome nefrítica rapidamente progressiva');
INSERT INTO cid VALUES('ODEgf9tbsWYK7Lu3OMkbb','N02','Hematúria recidivante e persistente');
INSERT INTO cid VALUES('Q6-dAc2ePD225ntk8kkoh','N03','Síndrome nefrítica crônica');
INSERT INTO cid VALUES('m5-g-e94pYYMmhNPK_cOB','N04','Síndrome nefrótica');
INSERT INTO cid VALUES('py-0WckhFke41WsVlRZj_','N05','Síndrome nefrítica não especificada');
INSERT INTO cid VALUES('QD0c7kAKDv2rDSZNQY5Fw','N06','Proteinúria isolada com lesão morfológica especificada');
INSERT INTO cid VALUES('87dUdtX0oclnNLA3kKLTN','N07','Nefropatia hereditária não classificada em outra parte');
INSERT INTO cid VALUES('P2vPgdHVuIMK3uhLspx96','N08','Transtornos glomerulares em doenças classificadas em outra parte');
INSERT INTO cid VALUES('jDaEc_6ED361kyUSnheAD','N10','Nefrite túbulo-intersticial aguda');
INSERT INTO cid VALUES('9ckxuIVQqHo94Tgidi8C2','N11','Nefrite túbulo-intersticial crônica');
INSERT INTO cid VALUES('M6tjhOvrqR158rRQx_G_h','N12','Nefrite túbulo-intersticial não especificada se aguda ou crônica');
INSERT INTO cid VALUES('cPoe9j7X187TV6hfhR1y1','N13','Uropatia obstrutiva e por refluxo');
INSERT INTO cid VALUES('Tj2HxeWNl5-M4pVVRSAis','N14','Afecções tubulares e túbulo-intersticiais induzidas por drogas ou metais pesados');
INSERT INTO cid VALUES('xe8BGN13VhoKn6dfpubKu','N15','Outras doenças renais túbulo-intersticiais');
INSERT INTO cid VALUES('f0ax0aHcthVySEP4fI_dT','N16','Transtornos renais túbulo-intersticiais em doenças classificadas em outra parte');
INSERT INTO cid VALUES('RyAWXMsMzbR1kbMvTNIu1','N17','Insuficiência renal aguda');
INSERT INTO cid VALUES('PEZHL2rW3QUt67CjbMBfO','N18','Insuficiência renal crônica');
INSERT INTO cid VALUES('_WhYGtxALQoJm_mbfxhzp','N19','Insuficiência renal não especificada');
INSERT INTO cid VALUES('yHXJtksleMdkBgJYE1bWc','N20','Calculose do rim e do ureter');
INSERT INTO cid VALUES('CvSuLCP_kwFDpzXJcVKt7','N21','Calculose do trato urinário inferior');
INSERT INTO cid VALUES('sZTtYuM44XPSnVYuXTE64','N22','Calculose do trato urinário inferior em doenças classificadas em outra parte');
INSERT INTO cid VALUES('sgUZ9Qd2YiOc0F0mxmin-','N23','Cólica nefrética não especificada');
INSERT INTO cid VALUES('qaYdI6xogYgxOTiGNoZbi','N25','Transtornos resultantes de função renal tubular alterada');
INSERT INTO cid VALUES('ta9Qr4u6pjwRYsrN41Tv_','N26','Rim contraído, não especificado');
INSERT INTO cid VALUES('ruZ6hYLZzqWyRx4kGD65E','N27','Hipoplasia renal de causa desconhecida');
INSERT INTO cid VALUES('jFBszIqoxRyCk1KcIJyy0','N28','Outros transtornos do rim e do ureter não classificado em outra parte');
INSERT INTO cid VALUES('LS3lR7toC09jfNqQLUUmM','N29','Outros transtornos do rim e do ureter em doenças classificadas em outra parte');
INSERT INTO cid VALUES('xvHeikGSDsZZ_30r7XSsj','N30','Cistite');
INSERT INTO cid VALUES('GgEoLaPOdaPFxkS1ZVUWD','N31','Disfunções neuromusculares da bexiga não classificados em outra parte');
INSERT INTO cid VALUES('4zliORaPXUQrvxXM59Epe','N32','Outros transtornos da bexiga');
INSERT INTO cid VALUES('j3VrH08D3NLc71Cibzak-','N33','Transtornos da bexiga em doenças classificadas em outra parte');
INSERT INTO cid VALUES('kOScP_1lBS6FxJuXgeE12','N34','Uretrite e síndrome uretral');
INSERT INTO cid VALUES('pc6DWzhpOArHP9vYJFCjD','N35','Estenose da uretra');
INSERT INTO cid VALUES('2kOpX5FG4hyU5ue_BmYsA','N36','Outros transtornos da uretra');
INSERT INTO cid VALUES('7AvAVoYUwDlDsg9uB3dDU','N37','Transtornos da uretra em doenças classificadas em outra parte');
INSERT INTO cid VALUES('8_DlyHAMykV3ugeBDsF6O','N39','Outros transtornos do trato urinário');
INSERT INTO cid VALUES('S4YdQyrepPI9Rs71cmX-N','N40','Hiperplasia da próstata');
INSERT INTO cid VALUES('cAV0dkNueXA4rc-bMkdtg','N41','Doenças inflamatórias da próstata');
INSERT INTO cid VALUES('8WHhonHe4RhlavvKejKsS','N42','Outras afecções da próstata');
INSERT INTO cid VALUES('82VGwVJEOEhM_loho30xb','N43','Hidrocele e espermatocele');
INSERT INTO cid VALUES('5MZTUL0lldmB-YL5tUSsv','N44','Torção do testículo');
INSERT INTO cid VALUES('HgnQ1yfVFyczPTcf3Xnoe','N45','Orquite e epididimite');
INSERT INTO cid VALUES('ZokNEABSzSGEPF9xFk7F_','N46','Infertilidade masculina');
INSERT INTO cid VALUES('CLnXpIWjkh7Jiwakj3hP2','N47','Hipertrofia do prepúcio,  fimose e parafimose');
INSERT INTO cid VALUES('OaHSOWiQEGVcUxoXz4Csb','N48','Outros transtornos do pênis');
INSERT INTO cid VALUES('iTkLk57kmEwSrJZSD0hCE','N49','Transtornos inflamatórios de órgãos genitais masculinos, não classificados em outra parte');
INSERT INTO cid VALUES('dg-B8njYRmV8OE_CQjJ1G','N50','Outros transtornos dos órgãos genitais masculinos');
INSERT INTO cid VALUES('9VCvl6a2D1mihJlmH7WaF','N51','Transtornos dos órgãos genitais masculinos em doenças classificadas em outra parte');
INSERT INTO cid VALUES('gIDUyZQ2a_CB4nuLJ0Jvb','N60','Displasias mamárias benignas');
INSERT INTO cid VALUES('46JUQWU5Ow3GySRukPGpS','N61','Transtornos inflamatórios da mama');
INSERT INTO cid VALUES('v9llb1wXS4SaEINUHtKOF','N62','Hipertrofia da mama');
INSERT INTO cid VALUES('uMpJkhHcG3hodGUzTcYHX','N63','Nódulo mamário não especificado');
INSERT INTO cid VALUES('4qSteaMKWLWiPDB9eEz2b','N64','Outras doenças da mama');
INSERT INTO cid VALUES('zSMI3DXdYcZwUHJboBlvK','N70','Salpingite e ooforite');
INSERT INTO cid VALUES('SD1N2hgsdr2pOKCkhaLCQ','N71','Doença inflamatória do útero, exceto o colo');
INSERT INTO cid VALUES('Sa8O2IT505OEsQdhsoWZF','N72','Doença inflamatória do colo do útero');
INSERT INTO cid VALUES('UwmoHrR32RhtuQ0LsXvNa','N73','Outras doenças inflamatórias pélvicas femininas');
INSERT INTO cid VALUES('2BMVw8vuS9yCvW03gHBLv','N74','Transtornos inflamatórios da pelve feminina em doenças classificadas em outra parte');
INSERT INTO cid VALUES('ELXb1cOH5OS5V5L4wLmt6','N75','Doenças da glândula de Bartholin');
INSERT INTO cid VALUES('E5dp6BcVxmRHgfAyUj7oB','N76','Outras afecções inflamatórias da vagina e da vulva');
INSERT INTO cid VALUES('Y1SoFBl9M3YKgH43TBZVG','N77','Ulceração e inflamação vulvovaginais em doenças classificadas em outra parte');
INSERT INTO cid VALUES('KcpsLBU0LrKSzbZptWytH','N80','Endometriose');
INSERT INTO cid VALUES('a8ikcGR8ZBYGwaBN4v89i','N81','Prolapso genital feminino');
INSERT INTO cid VALUES('-muzCKFSi-uggW-Xivh0N','N82','Fístulas do trato genital feminino');
INSERT INTO cid VALUES('X2VC4bmJ_1eqCLtn4jS3f','N83','Transtornos não-inflamatórios do ovário, da trompa de Falópio e do ligamento largo');
INSERT INTO cid VALUES('CA5Cefs5creSkE2OecXZ2','N84','Pólipo do trato genital feminino');
INSERT INTO cid VALUES('TJxBGwppaIEcpZiHLQiGZ','N85','Outros transtornos não-inflamatórios do útero, exceto do colo do útero');
INSERT INTO cid VALUES('rqc8iSULjgw96MvWzXDGi','N86','Erosão e ectrópio do colo do útero');
INSERT INTO cid VALUES('nnP2TAstc4BWVhUAbRCNA','N87','Displasia do colo do útero');
INSERT INTO cid VALUES('i1YsepRTHSsFnrygk8nrg','N88','Outros transtornos não-inflamatórios do colo do útero');
INSERT INTO cid VALUES('jMCcLHoGR8OYSXEscCvrn','N89','Outros transtornos não-inflamatórios da vagina');
INSERT INTO cid VALUES('tL3lK9MXkIKptQhs1x9KA','N90','Outros transtornos não-inflamatórios da vulva e do períneo');
INSERT INTO cid VALUES('kVO3onoBIyeWxYDOFmnf4','N91','Menstruação ausente, escassa e pouco freqüente');
INSERT INTO cid VALUES('1IKrvR6gU6a670jYQFSXA','N92','Menstruação excessiva, freqüente e irregular');
INSERT INTO cid VALUES('9zuu2dIYK6eNb8GoVmFCf','N93','Outros sangramentos anormais do útero e da vagina');
INSERT INTO cid VALUES('4NbYAOyMW_QN2bXJsGdgg','N94','Dor e outras afecções associadas com os órgãos genitais femininos e com o ciclo menstrual');
INSERT INTO cid VALUES('s-YEBcD7KkL_YJmqyyi4t','N95','Transtornos da menopausa e da perimenopausa');
INSERT INTO cid VALUES('ykak1704TDUH_HhTkRQOy','N96','Abortamento habitual');
INSERT INTO cid VALUES('yq6BAIel0onpUCWyBPIBj','N97','Infertilidade feminina');
INSERT INTO cid VALUES('N6CJU1iTxiTrnDSRjmiCS','N98','Complicações associadas à fecundação artificial');
INSERT INTO cid VALUES('ddXnHE1OrTVKANzAZP1rb','N99','Transtornos do trato geniturinário pós-procedimentos não classificados em outra parte');
INSERT INTO cid VALUES('bP3Er9R3ycdlWsbWkA0By','O00','Gravidez ectópica');
INSERT INTO cid VALUES('9WBk20Fhlvc3F0NBX8mdY','O01','Mola hidatiforme');
INSERT INTO cid VALUES('8F5MZ9q81bkcgOYV5xBJx','O02','Outros produtos anormais da concepção');
INSERT INTO cid VALUES('e8JoIR8CYe7_wvkdT_Ji1','O03','Aborto espontâneo');
INSERT INTO cid VALUES('_9ne6y3yfDDJOloRugGhX','O04','Aborto por razões médicas e legais');
INSERT INTO cid VALUES('1CRzXh1WIP6BjcJ8gUxkz','O05','Outros tipos de aborto');
INSERT INTO cid VALUES('V_vQheCwaL-9WZXNuDm6v','O06','Aborto não especificado');
INSERT INTO cid VALUES('65fxoZCZSK37rt6fKpyXH','O07','Falha de tentativa de aborto');
INSERT INTO cid VALUES('Pjp4HNSpuLzVKIHjdQU2G','O08','Complicações conseqüentes a aborto e gravidez ectópica ou molar');
INSERT INTO cid VALUES('-cUm5Y6yuQuUghgkNIL16','O10','Hipertensão pré-existente complicando a gravidez, o parto e o puerpério');
INSERT INTO cid VALUES('4fC-KFI1deiGDGw8JxvrN','O11','Distúrbio hipertensivo pré-existente com proteinúria superposta');
INSERT INTO cid VALUES('b_Shf4lI4k9fVLHQEHBJl','O12','Edema e proteinúria gestacionais [induzidos pela gravidez], sem hipertensão');
INSERT INTO cid VALUES('3AuFzbbgvN0jSikwiOT03','O13','Hipertensão gestacional [induzida pela gravidez] sem proteinúria significativa');
INSERT INTO cid VALUES('0RfeZZhnmIbBk49YWlGD0','O14','Hipertensão gestacional [induzida pela gravidez] com proteinúria significativa');
INSERT INTO cid VALUES('9IbxUbsG9jFDr0pLz_neF','O15','Eclâmpsia');
INSERT INTO cid VALUES('wk4rJ9W-uo8iM1gNWTAwJ','O16','Hipertensão materna não especificada');
INSERT INTO cid VALUES('r4WHK_mnZ0jGPw0jM8mzZ','O20','Hemorragia do início da gravidez');
INSERT INTO cid VALUES('qfTVS0HSupQQoWBlSYJ6B','O21','Vômitos excessivos na gravidez');
INSERT INTO cid VALUES('8pj81Uadh6TljAPyNA52o','O22','Complicações venosas na gravidez');
INSERT INTO cid VALUES('Kjbt8J6xgLJSUv-BYuZIV','O23','Infecções do trato geniturinário na gravidez');
INSERT INTO cid VALUES('ngUeRHLqs5rjclHKGip_2','O24','Diabetes mellitus na gravidez');
INSERT INTO cid VALUES('cMWSPh6-_yYggOb1N8Mja','O25','Desnutrição na gravidez');
INSERT INTO cid VALUES('_K8z1BcAPd7hfy1Aoczcy','O26','Assistência materna por outras complicações ligadas predominantemente à gravidez');
INSERT INTO cid VALUES('mhIipePN346crleRzG6LK','O28','Achados anormais do rastreamento ["screening"] antenatal da mãe');
INSERT INTO cid VALUES('W4U1MmuRrVB5jIh9M98XO','O29','Complicações de anestesia administrada durante a gravidez');
INSERT INTO cid VALUES('6SLqYoxL3hjlMYyBo872x','O30','Gestação múltipla');
INSERT INTO cid VALUES('FfJWeuyNcrEspvCL0vNal','O31','Complicações específicas de gestação múltipla');
INSERT INTO cid VALUES('hQLMXVihkJ8CMfYaqwEKH','O32','Assistência prestada à mãe por motivo de apresentação anormal, conhecida ou suspeitada, do feto');
INSERT INTO cid VALUES('Lyx2jmc8qjVsdWUh36hg3','O33','Assistência prestada à mãe por uma desproporção conhecida ou suspeita');
INSERT INTO cid VALUES('s2ihiFlbhoLjBBIJHELu7','O34','Assistência prestada à mãe por anormalidade, conhecida ou suspeita, dos órgãos pélvicos maternos');
INSERT INTO cid VALUES('boLDVEwWUmrKhGdgXKp0u','O35','Assistência prestada à mãe por anormalidade e lesão fetais, conhecidas ou suspeitadas');
INSERT INTO cid VALUES('6fXW866U8N0zaufsJiEu_','O36','Assistência prestada à mãe por outros problemas fetais conhecidos ou suspeitados');
INSERT INTO cid VALUES('bmiQkKIsEDGgdh5-_H0y0','O40','Polihidrâmnio');
INSERT INTO cid VALUES('g0YLfjYkIWZb7hHoBdU1f','O41','Outros transtornos das membranas e do líquido amniótico');
INSERT INTO cid VALUES('5_GBImMUzWqfRD-wN2tmF','O42','Ruptura prematura de membranas');
INSERT INTO cid VALUES('UotJ3AWGhxanZj9PdN0Mn','O43','Transtornos da placenta');
INSERT INTO cid VALUES('diQksFZu94B4gKp_LWTkw','O44','Placenta prévia');
INSERT INTO cid VALUES('0GMD0wUm5w4toFul5L3az','O45','Descolamento prematuro da placenta [abruptio placentae]');
INSERT INTO cid VALUES('5xCfzaBlwS451G4w2IbbE','O46','Hemorragia anteparto não classificada em outra parte');
INSERT INTO cid VALUES('ZuuTaj1cyKR9JLpfi26Ce','O47','Falso trabalho de parto');
INSERT INTO cid VALUES('RpDSP3oEU3zduMgQLFuc7','O48','Gravidez prolongada');
INSERT INTO cid VALUES('u7NwvzhQCQY_A_pzc-I-2','O60','Trabalho de parto pré-termo');
INSERT INTO cid VALUES('W0b9KH1oRuXt1Ur62BmBl','O61','Falha na indução do trabalho de parto');
INSERT INTO cid VALUES('LX9QQavszaQUYxdD11XPh','O62','Anormalidades da contração uterina');
INSERT INTO cid VALUES('fgr8D3dIBZDZr8nN7o84a','O63','Trabalho de parto prolongado');
INSERT INTO cid VALUES('nCPTY9qkY_glaoBc_ArZE','O64','Obstrução do trabalho de parto devida à má-posição ou má-apresentação do feto');
INSERT INTO cid VALUES('dE6ccNXZXkS4y6sUuVTWi','O65','Obstrução do trabalho de parto devida a anormalidade pélvica da mãe');
INSERT INTO cid VALUES('IOO-W83CcOR3-xY48tPD-','O66','Outras formas de obstrução do trabalho de parto');
INSERT INTO cid VALUES('uYV5xfcIP_mdjZ6ATqNM0','O67','Trabalho de parto e parto complicados por hemorragia intraparto não classificados em outra parte');
INSERT INTO cid VALUES('LvEw9UDZ3RIBSAKUS3FFW','O68','Trabalho de parto e parto complicados por sofrimento fetal');
INSERT INTO cid VALUES('Oaxd-Ti-C4ffX0h1y-Ewl','O69','Trabalho de parto e parto complicados por anormalidade do cordão umbilical');
INSERT INTO cid VALUES('sklzA9SQqDF9_wyEU2tRs','O70','Laceração do períneo durante o parto');
INSERT INTO cid VALUES('Vw81oubzyJOs37Qw2a-t-','O71','Outros traumatismos obstétricos');
INSERT INTO cid VALUES('tm4GrUOWdCkjZ3NBL_Efj','O72','Hemorragia pós-parto');
INSERT INTO cid VALUES('skzlbDMr_LuEoRVGpwUzK','O73','Retenção da placenta e das membranas, sem hemorragias');
INSERT INTO cid VALUES('9H3ebt443vmGLRG8HdR03','O74','Complicações de anestesia durante o trabalho de parto e o parto');
INSERT INTO cid VALUES('RWmA57x0kllCXw6BOb8pQ','O75','Outras complicações do trabalho de parto e do parto não classificadas em outra parte');
INSERT INTO cid VALUES('6etluilet1jUzsw7f0rb3','O80','Parto único espontâneo');
INSERT INTO cid VALUES('LfMAOYM9-wHpggImxWy6W','O81','Parto único por fórceps ou vácuo-extrator');
INSERT INTO cid VALUES('j2N-MOKQL9uX-nfDmlaUX','O82','Parto único por cesariana');
INSERT INTO cid VALUES('8lGhs0Nal0kWaI2zbeuig','O83','Outros tipos de parto único assistido');
INSERT INTO cid VALUES('qt0WJ6av_u9t7nX_Tg9V4','O84','Parto múltiplo');
INSERT INTO cid VALUES('ui3hISqYMQolGoixRbIbH','O85','Infecção puerperal');
INSERT INTO cid VALUES('GWJ-y6El8m4AVGwaVOHQb','O86','Outras infecções puerperais');
INSERT INTO cid VALUES('LG7OnmVD_n8nL54s_xuP4','O87','Complicações venosas no puerpério');
INSERT INTO cid VALUES('kSQSYgHtQROc2GidKyMbB','O88','Embolia de origem obstétrica');
INSERT INTO cid VALUES('HPSoyKZpiG3Bm87Ik7buv','O89','Complicações da anestesia administrada durante o puerpério');
INSERT INTO cid VALUES('J6_Uflz0FaqEFZyExzwAi','O90','Complicações do puerpério não classificadas em outra parte');
INSERT INTO cid VALUES('s58niXu4x06SFdjU4AoEm','O91','Infecções mamárias associadas ao parto');
INSERT INTO cid VALUES('GhwUe6eA_34_cTLt9mtY0','O92','Outras afecções da mama e da lactação associadas ao parto');
INSERT INTO cid VALUES('45_tHS9pl3W4rCGLpadzH','O94','Seqüelas de complicações da gravidez, parto e puerpério');
INSERT INTO cid VALUES('OxyvK4k6gTOgZE4MLy4BC','O95','Morte obstétrica de causa não especificada');
INSERT INTO cid VALUES('UNxl9TS88EKSzzadyag5X','O96','Morte, por qualquer causa obstétrica, que ocorre mais de 42 dias, mas menos de 1 ano, após o parto');
INSERT INTO cid VALUES('00XY5VRcgcV14EAj9YZZK','O97','Morte por seqüelas de causas obstétricas diretas');
INSERT INTO cid VALUES('7g0eQyEctKMQyh_fIRqj2','O98','Doenças infecciosas e parasitárias maternas classi  cáveis em outra parte mas que compliquem a gravidez, o parto e o puerpério');
INSERT INTO cid VALUES('fTm9FhzDYt8LnDiD-pD5u','O99','Outras doenças da mãe, classi  cadas em outra parte, mas que complicam a gravidez o parto e o puerpério');
INSERT INTO cid VALUES('koa6V0kSAGFyKFSmwpOj6','P00','Feto e recém-nascido afetados por afecções maternas, não obrigatoriamente relacionadas com a gravidez atual');
INSERT INTO cid VALUES('zMsNdJceGEYDr35ndGZ6d','P01','Feto e recém-nascido afetados por complicações maternas da gravidez');
INSERT INTO cid VALUES('-_y6fSIljR-q9XgmcuLGY','P02','Feto e recém-nascido afetados por complicações da placenta, do cordão umbilical e das membranas');
INSERT INTO cid VALUES('MGPvTZVbc43Iv_fVyLnFd','P03','Feto e recém-nascido afetados por outras complicações do trabalho de parto e do parto');
INSERT INTO cid VALUES('17sAWA84F9DzfP7ByMyJX','P04','Feto e recém-nascido afetados por influências nocivas transmitidas ao feto via placenta ou leite materno');
INSERT INTO cid VALUES('kg_Hz3JrUdA94SFx3NQvY','P05','Crescimento fetal retardado e desnutrição fetal');
INSERT INTO cid VALUES('Hi7G1x99ctrcE4WgEE6cq','P07','Transtornos relacionados com a gestação de curta duração e peso baixo ao nascer não classificados em outra parte');
INSERT INTO cid VALUES('p7SonT_fGjBQOYyTJlj_q','P08','Transtornos relacionados com a gestação prolongada e peso elevado ao nascer');
INSERT INTO cid VALUES('jPcbhKjZdU_9YwunuyMe7','P10','Laceração intracraniana e hemorragia devidas a traumatismo de parto');
INSERT INTO cid VALUES('Cpbpm3uUxviOE0lb5DW1L','P11','Outros traumatismos de parto do sistema nervoso central');
INSERT INTO cid VALUES('w4ho8OyirpeeAkAQQQ_A9','P12','Lesão do couro cabeludo devida a traumatismo de parto');
INSERT INTO cid VALUES('gTBWvRFl9_tVjovAo4OVY','P13','Lesões do esqueleto devidas a traumatismo de parto');
INSERT INTO cid VALUES('NY5SaVSRVcdwBCT74oLf1','P14','Lesões ao nascer do sistema nervoso periférico');
INSERT INTO cid VALUES('e0NZNOfdRk0AVYV9vEVZU','P15','Outros traumatismos de parto');
INSERT INTO cid VALUES('G9JPrKFpbiTa5KqXhk7qP','P20','Hipóxia intra-uterina');
INSERT INTO cid VALUES('P_nH6jGN9jECAI6mtmSJC','P21','Asfixia ao nascer');
INSERT INTO cid VALUES('gBx3PP5WrMiggmTsLQbmP','P22','Desconforto (angústia) respiratório(a) do recém-nascido');
INSERT INTO cid VALUES('S95Aa2Op_Yq4sG0EUkq-j','P23','Pneumonia congênita');
INSERT INTO cid VALUES('_08NM9EvUUGwOGv3ifCUC','P24','Síndrome de aspiração neonatal');
INSERT INTO cid VALUES('-aVYy0u1embrCPk7bfT88','P25','Enfisema intersticial e afecções correlatas originadas no período perinatal');
INSERT INTO cid VALUES('R2H5Y3MikXBDSqtiYk5li','P26','Hemorragia pulmonar originada no período perinatal');
INSERT INTO cid VALUES('aVE9trBMe_Zl1esA6zlbK','P27','Doença respiratória crônica originada no período perinatal');
INSERT INTO cid VALUES('v1Yc-PR_ni9sp23fRTjQJ','P28','Outras afecções respiratórias originadas no período perinatal');
INSERT INTO cid VALUES('YqLpKNezw2Wg92jH4pQ8y','P29','Transtornos cardiovasculares originados no período perinatal');
INSERT INTO cid VALUES('WtT4DNrMjKDP4rewhz6bv','P35','Doenças virais congênitas');
INSERT INTO cid VALUES('IJ2jUQ9yioXDqViDs7Jat','P36','Septicemia bacteriana do recém-nascido');
INSERT INTO cid VALUES('swLT_OfHVgdaVeSiYKhhY','P37','Outras doenças infecciosas e parasitárias congênitas');
INSERT INTO cid VALUES('0YGufRvu_jBJpVvmlSzvZ','P38','Onfalite do recém-nascido com ou sem hemorragia leve');
INSERT INTO cid VALUES('Ss5ycMQq2YPO4upvj0aal','P39','Outras infecções específicas do período perinatal');
INSERT INTO cid VALUES('02PPyVDSaRHgBuVuXSEgK','P50','Perda sangüínea fetal');
INSERT INTO cid VALUES('9I8FntAuy0NLkxgthd8nJ','P51','Hemorragia umbilical do recém-nascido');
INSERT INTO cid VALUES('LJk0FKHAOp2MnQ_0Vd7nW','P52','Hemorragia intracraniana não-traumática do feto e do recém-nascido');
INSERT INTO cid VALUES('5WH3ouHZoZN-dJ1OkUCR4','P53','Doença hemorrágica do feto e do recém-nascido');
INSERT INTO cid VALUES('0U2gxBtiwamVVqNjp3MXo','P54','Outras hemorragias neonatais');
INSERT INTO cid VALUES('AE3itw88SExPR1GTorojF','P55','Doença hemolítica do feto e do recém-nascido');
INSERT INTO cid VALUES('-JtLOh56jXCgKLU-1UEHf','P56','Hidropsia fetal devida a doença hemolítica');
INSERT INTO cid VALUES('LXI-HxOi93eoTIZLCsTOs','P57','Kernicterus');
INSERT INTO cid VALUES('ksujTDwDzQCRzT4HnvmvE','P58','Icterícia neonatal devida a outras hemólises excessivas');
INSERT INTO cid VALUES('X-wOL0am7mParLD-PW1gb','P59','Icterícia neonatal devida a outras causas e às não especificadas');
INSERT INTO cid VALUES('CwIeFAMb-MUALeGXRkvIv','P60','Coagulação intravascular disseminada do feto e do recém-nascido');
INSERT INTO cid VALUES('iZU0CG64Zn3UQpUaQjUsc','P61','Outros transtornos hematológicos perinatais');
INSERT INTO cid VALUES('_tq2PyFakHp9AwiUy7X4h','P70','Transtornos transitórios do metabolismo dos carboidratos específicos do feto e do recém-nascido');
INSERT INTO cid VALUES('fPNe6DHw3ct-N8sGSRDsQ','P71','Transtornos transitórios do metabolismo do cálcio e do magnésio do período neonatal');
INSERT INTO cid VALUES('tSplpZXujwGWF7pNHrjLt','P72','Outros transtornos endócrinos transitórios do período neonatal');
INSERT INTO cid VALUES('q_1ZxijGsXvCPfe1DU_IE','P74','Outros distúrbios eletrolíticos e metabólicos transitórios do período neonatal');
INSERT INTO cid VALUES('oOSPuz2t95Lek4BUWPQiD','P75','Íleo meconial');
INSERT INTO cid VALUES('kaGdCctDug_U8SGLE27gs','P76','Outras obstruções intestinais do recém-nascido');
INSERT INTO cid VALUES('ctQEp4x5t3gIOVm25KEF_','P77','Enterocolite necrotizante do feto e do recém-nascido');
INSERT INTO cid VALUES('pkUNIZr3NTvPr9rmDh_w2','P78','Outros transtornos do aparelho digestivo do período perinatal');
INSERT INTO cid VALUES('NPEd9pNTcmulaHAnv9WKR','P80','Hipotermia do recém-nascido');
INSERT INTO cid VALUES('1Pa1Xgf_8kb_1tdFh8nDq','P81','Outros distúrbios da regulação térmica do recém-nascido');
INSERT INTO cid VALUES('F72XbeDQyr3J0RshprNm2','P83','Outras afecções comprometendo o tegumento específicas do feto e do recém-nascido');
INSERT INTO cid VALUES('nKIIyg6ewxQ40nUXb4PNB','P90','Convulsões do recém-nascido');
INSERT INTO cid VALUES('BnHF3wCjFcUFn4-nUScew','P91','Outros distúrbios da função cerebral do recém-nascido');
INSERT INTO cid VALUES('js0698UJPyJuEVlIA6QFZ','P92','Problemas de alimentação do recém-nascido');
INSERT INTO cid VALUES('uNSCGmwIB6W8am36tEyqB','P93','Reações e intoxicações devidas a drogas administradas ao feto e ao recém-nascido');
INSERT INTO cid VALUES('1Y_MQZGsWhqf8aLa6VMHe','P94','Transtornos do tônus muscular do recém-nascido');
INSERT INTO cid VALUES('188bcvaT5eBPd6w2a0gQE','P95','Morte fetal de causa não especificada');
INSERT INTO cid VALUES('y731YrD0a1I5RDkDMI_0B','P96','Outras afecções originadas no período perinatal');
INSERT INTO cid VALUES('dYakZBm4tm3P8ayngarI8','Q00','Anencefalia e malformações similares');
INSERT INTO cid VALUES('bz83ODK3QE5AW6B1zobFR','Q01','Encefalocele');
INSERT INTO cid VALUES('M7DnJf8N1pupiOA86yUMh','Q02','Microcefalia');
INSERT INTO cid VALUES('muWRAWNr8CeTGM6d65m20','Q03','Hidrocefalia congênita');
INSERT INTO cid VALUES('u2Tk2Yin6TYcS7gAQKx_A','Q04','Outras malformações congênitas do cérebro');
INSERT INTO cid VALUES('vNLB4pNszJRd9KHQ4Z-Gi','Q05','Espinha bífida');
INSERT INTO cid VALUES('lK6xMZygPu6F8Rj6OOfzD','Q06','Outras malformações congênitas da medula espinhal');
INSERT INTO cid VALUES('S808qwXNm8fmAML-8cpMJ','Q07','Outras malformações congênitas do sistema nervoso');
INSERT INTO cid VALUES('Hu_joXxJgbhKL8cylQWGV','Q10','Malformações congênitas das pálpebras, do aparelho lacrimal e da órbita');
INSERT INTO cid VALUES('M04ONzgqBflfA0HFmgZGi','Q11','Anoftalmia, microftalmia e macroftalmia');
INSERT INTO cid VALUES('A01IoyHdwibPXM9-xx11n','Q12','Malformações congênitas do cristalino');
INSERT INTO cid VALUES('6TkbyJ-oFd3aH9Vh-rC7P','Q13','Malformações congênitas da câmara anterior do olho');
INSERT INTO cid VALUES('HuJKTeWQkq1xP2v7a_b67','Q14','Malformações congênitas da câmara posterior do olho');
INSERT INTO cid VALUES('1nuzz12UTEaFt-csqgiH6','Q15','Outras malformações congênitas do olho');
INSERT INTO cid VALUES('rfExJaL-Aaf-rtORbllc_','Q16','Malformações congênitas do ouvido causando comprometimento da audição');
INSERT INTO cid VALUES('L1o-5lBI47t0W6dmi1R0x','Q17','Outras malformações congênitas da orelha');
INSERT INTO cid VALUES('Asud-Oe1fAtO17-JUm7wb','Q18','Outras malformações congênitas da face e do pescoço');
INSERT INTO cid VALUES('ctD6QOZRlSSUEVO4AAvyl','Q20','Malformações congênitas das câmaras e das comunicações cardíacas');
INSERT INTO cid VALUES('FCeGx6gEg5Du7jJ40ngzT','Q21','Malformações congênitas dos septos cardíacos');
INSERT INTO cid VALUES('ECnMNOZv1TIIH_eSZCDo_','Q22','Malformações congênitas das valvas pulmonar e tricúspide');
INSERT INTO cid VALUES('aEJ_bRV9GRW3RzDlasArA','Q23','Malformações congênitas das valvas aórtica e mitral');
INSERT INTO cid VALUES('lguCupj2zE1yuwV0I-u9E','Q24','Outras malformações congênitas do coração');
INSERT INTO cid VALUES('j3nCo_0MG5ySpsLVnaCqg','Q25','Malformações congênitas das grandes artérias');
INSERT INTO cid VALUES('jCw-Vobc2bcXGmOqUz07L','Q26','Malformações congênitas das grandes veias');
INSERT INTO cid VALUES('tdw-DBPNtP2drunn0yEl6','Q27','Outras malformações congênitas do sistema vascular periférico');
INSERT INTO cid VALUES('tfG1VBvs-gxKRIJdTgw-8','Q28','Outras malformações congênitas do aparelho circulatório');
INSERT INTO cid VALUES('YybarX65iHl0V7aLe0RZC','Q30','Malformação congênita do nariz');
INSERT INTO cid VALUES('9d_0CQ0e5hzCKegjzFEzr','Q31','Malformações congênitas da laringe');
INSERT INTO cid VALUES('EHfE35bhRgYaa0nl8wygr','Q32','Malformações congênitas da traquéia e dos brônquios');
INSERT INTO cid VALUES('K177J6bqsx3QOr6XWmI2A','Q33','Malformações congênitas do pulmão');
INSERT INTO cid VALUES('X2bMOfAJElJZCe1mTSL4W','Q34','Outras malformações congênitas do aparelho respiratório');
INSERT INTO cid VALUES('wWAbcTTdmMg9f1BniXRUk','Q35','Fenda palatina');
INSERT INTO cid VALUES('qKnHVG6RAGwJJGuJTFDNE','Q36','Fenda labial');
INSERT INTO cid VALUES('u9N57E92IzJEueKgTowjr','Q37','Fenda labial com fenda palatina');
INSERT INTO cid VALUES('1O0xxqNxaoFTyAQF_iufO','Q38','Outras malformações congênitas da língua, da boca e da faringe');
INSERT INTO cid VALUES('YXRfE2kA28zy0ukID-Y3n','Q39','Malformações congênitas do esôfago');
INSERT INTO cid VALUES('Jx5poVwKt2i5owTG4G4LN','Q40','Outras malformações congênitas do trato digestivo superior');
INSERT INTO cid VALUES('aoU7MtO_ig-aKP8-fjpen','Q41','Ausência, atresia e estenose congênita do intestino delgado');
INSERT INTO cid VALUES('WdRsG3fjgopiBDnFqb5LQ','Q42','Ausência, atresia e estenose congênita do cólon');
INSERT INTO cid VALUES('ahE-AGOz_pi2_aw9nggeA','Q43','Outras malformações congênitas do intestino');
INSERT INTO cid VALUES('sKHFG2JHUIYRvZSjK6mMr','Q44','Malformações congênitas da vesícula biliar, das vias biliares e do fígado');
INSERT INTO cid VALUES('yQeU5InS41pQPgmPtoJFn','Q45','Outras malformações congênitas do aparelho digestivo');
INSERT INTO cid VALUES('7rzYunMf3weyuXlkmc5-3','Q50','Malformações congênitas dos ovários, das trompas de Falópio e dos ligamentos largos');
INSERT INTO cid VALUES('PChS-vMyfHxMXLnbETzlj','Q51','Malformações congênitas do útero e do colo do útero');
INSERT INTO cid VALUES('HA6EFmeWRJUfHdWL_t12z','Q52','Outras malformações congênitas dos órgãos genitais femininos');
INSERT INTO cid VALUES('w7VDuYUBav9GUujVWxc5S','Q53','Testículo não-descido');
INSERT INTO cid VALUES('VyQsezlwjp1S8T6B7JN8B','Q54','Hipospádias');
INSERT INTO cid VALUES('q2Q7R913wZ9aenabUNy0A','Q55','Outras malformações congênitas dos órgãos genitais masculinos');
INSERT INTO cid VALUES('27p4o0-JYdiE0SdQ_rVyT','Q56','Sexo indeterminado e pseudo-hermafroditismo');
INSERT INTO cid VALUES('KfVJWtXSkGo7agmDS3nBH','Q60','Agenesia renal e outros defeitos de redução do rim');
INSERT INTO cid VALUES('qK-kj-BTC1_TLRpXb3lfb','Q61','Doenças císticas do rim');
INSERT INTO cid VALUES('kWMLfB_FBJAAYo4roFS70','Q62','Anomalias congênitas obstrutivas da pelve renal e malformações congênitas do ureter');
INSERT INTO cid VALUES('TNguMWr0C_2Rczw8HMkZc','Q63','Outras malformações congênitas do rim');
INSERT INTO cid VALUES('pw8hjgZB97F1oZFJ2FN1Q','Q64','Outras malformações congênitas do aparelho urinário');
INSERT INTO cid VALUES('rWvC6Fmzx9Q4mCUXvNrPt','Q65','Malformações congênitas do quadril');
INSERT INTO cid VALUES('jDswmEyJWE2GA-eKs-rep','Q66','Deformidades congênitas do pé');
INSERT INTO cid VALUES('SYekTlkkG5IL5UE1erzK2','Q67','Deformidades osteomusculares congênitas da cabeça, da face, da coluna e do tórax');
INSERT INTO cid VALUES('5ryxnV1qIYAktgqxe536a','Q68','Outras deformidades osteomusculares congênitas');
INSERT INTO cid VALUES('MY52cqgvQl3J_DXneryIK','Q69','Polidactilia');
INSERT INTO cid VALUES('NWZDBtVY5JvQ3M8eF9AhY','Q70','Sindactilia');
INSERT INTO cid VALUES('uh8BVlyLYYzCS0dsawmIX','Q71','Defeitos, por redução, do membro superior');
INSERT INTO cid VALUES('hyyBZVw8EIH2SKz8CIjmA','Q72','Defeitos, por redução, do membro inferior');
INSERT INTO cid VALUES('2h-Y8TXy8-MG3F9jV9QKt','Q73','Defeitos por redução de membro não especificado');
INSERT INTO cid VALUES('yr9yPvrMuReoJoQHEaBI_','Q74','Outras malformações congênitas dos membros');
INSERT INTO cid VALUES('THeR4SI1Y1Wh_7TIEZ10I','Q75','Outras malformações congênitas dos ossos do crânio e da face');
INSERT INTO cid VALUES('vWdohcDOlNxI8OOyq3swm','Q76','Malformações congênitas da coluna vertebral e dos ossos do tórax');
INSERT INTO cid VALUES('Kal7xuMIGK4NyZNGSA1S1','Q77','Osteocondrodisplasia com anomalias de crescimento dos ossos longos e da coluna vertebral');
INSERT INTO cid VALUES('kVfC9EzutsQC3uR0I8G8Y','Q78','Outras osteocondrodisplasias');
INSERT INTO cid VALUES('dxzb9Krz5kdgONeKjDF4W','Q79','Malformações congênitas do sistema osteomuscular não classificadas em outra parte');
INSERT INTO cid VALUES('YvvHn5SUHRXKtHVDrBUN2','Q80','Ictiose congênita');
INSERT INTO cid VALUES('JlG_o3rAOh1KqRns78d4T','Q81','Epidermólise bolhosa');
INSERT INTO cid VALUES('ft2UPIE_Wi0LCWrMFgrl-','Q82','Outras malformações congênitas da pele');
INSERT INTO cid VALUES('h2rF9tXO8hCJHLFoDi17B','Q83','Malformações congênitas da mama');
INSERT INTO cid VALUES('5AFRmac7u3zawDBhHjBRl','Q84','Outras malformações congênitas do tegumento');
INSERT INTO cid VALUES('MBsR-DzzG1tDvUNNbsH7h','Q85','Facomatoses não classificadas em outra parte');
INSERT INTO cid VALUES('lOMT63Rjx1b_76VdGG08l','Q86','Síndromes com malformações congênitas devidas a causas exógenas conhecidas, não classificadas em outra parte');
INSERT INTO cid VALUES('gua2mePIH5jMBQbFcZv-4','Q87','Outras síndromes com malformações congênitas que acometem múltiplos sistemas');
INSERT INTO cid VALUES('hZgUnoNCc4BQgCUeGudDK','Q89','Outras malformações congênitas não classificadas em outra parte');
INSERT INTO cid VALUES('dPMfXirbHzmRM2P3_9B3I','Q90','Síndrome de Down');
INSERT INTO cid VALUES('Pw-L9DXHNhmqh4jKXOlie','Q91','Síndrome de Edwards e síndrome de Patau');
INSERT INTO cid VALUES('NCxjcVjqbAOqWdGu2LD3r','Q92','Outras trissomias e trissomias parciais dos autossomos, não classificadas em outra parte');
INSERT INTO cid VALUES('TVDApLmQEkVxXRVsdLueK','Q93','Monossomias e deleções dos autossomos, não classificadas em outra parte');
INSERT INTO cid VALUES('-WALlJShtHVhTCjkEbDmW','Q95','Rearranjos equilibrados e marcadores estruturais, não classificados em outra parte');
INSERT INTO cid VALUES('O4LBhwbJ8SNYO1X3us5UL','Q96','Síndrome de Turner');
INSERT INTO cid VALUES('WJL9yKhzUEpBlulFYdV6h','Q97','Outras anomalias dos cromossomos sexuais, fenótipo feminino, não classificadas em outra parte');
INSERT INTO cid VALUES('Udqtsq3SEyf_DzynZTytJ','Q98','Outras anomalias dos cromossomos sexuais, fenótipo masculino, não classificadas em outra parte');
INSERT INTO cid VALUES('f2FIT-EebHzM_BCN5n0-K','Q99','Outras anomalias dos cromossomos, não classificadas em outra parte');
INSERT INTO cid VALUES('gFhlBmjFQka407VNWJKle','R00','Anormalidades do batimento cardíaco');
INSERT INTO cid VALUES('NtPfVnCqjiCSa5d5f28Vy','R01','Sopros e outros ruídos cardíacos');
INSERT INTO cid VALUES('6_vW_xd4aZ1rRAit89jS7','R02','Gangrena não classificada em outra parte');
INSERT INTO cid VALUES('A33FUKeFXAQQ55Si6Icag','R03','Valor anormal da pressão arterial sem diagnóstico');
INSERT INTO cid VALUES('UXoK0rxxMauV4VR9peI62','R04','Hemorragia das vias respiratórias');
INSERT INTO cid VALUES('a6Jv8KAHIMWb07_c97Dap','R05','Tosse');
INSERT INTO cid VALUES('7RQypTTWO5_n5-Kf_UZdF','R06','Anormalidades da respiração');
INSERT INTO cid VALUES('RiO9S0XsVzvY3awlpR--8','R07','Dor de garganta e no peito');
INSERT INTO cid VALUES('VxKstUirqipRVKC6VHr1S','R09','Outros sintomas e sinais relativos aos aparelhos circulatório e respiratório');
INSERT INTO cid VALUES('e3q7JP2QDUkdhDGPEdg-X','R10','Dor abdominal e pélvica');
INSERT INTO cid VALUES('XqIr9zPn6RpWhGcgZHinu','R11','Náusea e vômitos');
INSERT INTO cid VALUES('PS76eVxZxNgyAV175utEa','R12','Pirose');
INSERT INTO cid VALUES('7JBVpdKs3ECklP-Bw-W2s','R13','Disfagia');
INSERT INTO cid VALUES('uqjtB2rvQCOELfXOyNsuh','R14','Flatulência e afecções correlatas');
INSERT INTO cid VALUES('TXYY9p1pnsOFiFhujqH40','R15','Incontinência fecal');
INSERT INTO cid VALUES('NVftPdMi5SwIP-h_Wecw0','R16','Hepatomegalia e esplenomegalia não classificadas em outra parte');
INSERT INTO cid VALUES('3k1mXMtIQAdACnxvcR_Nv','R17','Icterícia não especificada');
INSERT INTO cid VALUES('YQMPlIcGzRVoy2LC5r3E9','R18','Ascite');
INSERT INTO cid VALUES('eooTU0SvqhYCzS-uXy1ql','R19','Outros sintomas e sinais relativos ao aparelho digestivo e ao abdome');
INSERT INTO cid VALUES('5tfr_sctBfPcPlSdJP4Zu','R20','Distúrbios da sensibilidade cutânea');
INSERT INTO cid VALUES('vF66NjBgz0v2yC0aN1OF0','R21','Eritema e outras erupções cutâneas não especificadas');
INSERT INTO cid VALUES('uNyH-7dSnYfnSoOt5C9_J','R22','Tumefação, massa ou tumoração localizadas da pele e do tecido subcutâneo');
INSERT INTO cid VALUES('ip-yHvbYhwb0M__2oBEZi','R23','Outras alterações cutâneas');
INSERT INTO cid VALUES('KQFwLTqU_CBUL-hbhqCX2','R25','Movimentos involuntários anormais');
INSERT INTO cid VALUES('WnQuQOy4u02ASyTSLItJI','R26','Anormalidades da marcha e da mobilidade');
INSERT INTO cid VALUES('o30_6faV8R_waIvew0jic','R27','Outros distúrbios da coordenação');
INSERT INTO cid VALUES('jbZeNvoU03QDMRsJ6XO7q','R29','Outros sintomas e sinais relativos aos sistemas nervoso e osteomuscular');
INSERT INTO cid VALUES('_sNgdGIu1TwJQLYAqh8iX','R30','Dor associada à micção');
INSERT INTO cid VALUES('oiBO7R9tpTUvykr9FadgE','R31','Hematúria não especificada');
INSERT INTO cid VALUES('DsS6scaGQQWszdoTyJiwO','R32','Incontinência urinária não especificada');
INSERT INTO cid VALUES('q6xAzgN0oKRNULw8HLi9z','R33','Retenção urinária');
INSERT INTO cid VALUES('ugPjTc6xGWgTlu44q9_TW','R34','Anúria e oligúria');
INSERT INTO cid VALUES('4QmTbFdCrT91RZEgTodLw','R35','Poliúria');
INSERT INTO cid VALUES('O5aT0vgNdeVRTuegxQiJ4','R36','Secreção uretral');
INSERT INTO cid VALUES('O-et52FDeFN9A_jr90ubI','R39','Outros sintomas e sinais relativos ao aparelho urinário');
INSERT INTO cid VALUES('MpwLamclggchSvNA5Ueyl','R40','Sonolência, estupor e coma');
INSERT INTO cid VALUES('MaU5zbXUsSr64TPUfuqto','R41','Outros sintomas e sinais relativos à função cognitiva e à consciência');
INSERT INTO cid VALUES('XYVhzShGji6DOxhDgQOWt','R42','Tontura e instabilidade');
INSERT INTO cid VALUES('jqOHj8LWolXMmllKRabne','R43','Distúrbios do olfato e do paladar');
INSERT INTO cid VALUES('eAz2P7Pis-v3I3cogwSj2','R44','Outros sintomas e sinais relativos às sensações e às percepções gerais');
INSERT INTO cid VALUES('k80RTm5LWkGNWyizoIPCf','R45','Sintomas e sinais relativos ao estado emocional');
INSERT INTO cid VALUES('OUJUgdXZmh5qulSeUBqAE','R46','Sintomas e sinais relativos à aparência e ao comportamento');
INSERT INTO cid VALUES('F-cW7iHBAMCexVxna0BoT','R47','Distúrbios da fala não classi  cados em outra parte');
INSERT INTO cid VALUES('dVbtqIP4G1ZKEDPWt07wL','R48','Dislexia e outras disfunções simbólicas, não classificadas em outra parte');
INSERT INTO cid VALUES('6soFdIg_2PWjEorUrXEmC','R49','Distúrbios da voz');
INSERT INTO cid VALUES('u9D9UJzPVacap3ViSHkM7','R50','Febre de origem desconhecida e de outras origens');
INSERT INTO cid VALUES('44uKOcuEz6PaeJ4SuuBxR','R51','Cefaléia');
INSERT INTO cid VALUES('7jJ74b74CHyggT2pOD3FU','R52','Dor não classificada em outra parte');
INSERT INTO cid VALUES('FlPDJ3kaQemClgDRE8HkF','R53','Mal estar, fadiga');
INSERT INTO cid VALUES('jkl1vXPp3qi1H6-Y3Ge0d','R54','Senilidade');
INSERT INTO cid VALUES('bUcEdHDXey-JviHCf__fJ','R55','Síncope e colapso');
INSERT INTO cid VALUES('fnBc6cm80rCV1m1is7QHI','R56','Convulsões, não classificadas em outra parte');
INSERT INTO cid VALUES('osf5bsiN7s0v4eXpHkuCL','R57','Choque não classificado em outra parte');
INSERT INTO cid VALUES('KgHzAYViYC4QTy7k1orOt','R58','Hemorragia não classificada em outra parte');
INSERT INTO cid VALUES('NpJGzGnVlQVzBTeAJdO3N','R59','Aumento de volume dos gânglios linfáticos');
INSERT INTO cid VALUES('Kr7YqLNjq1H-4UnN36Bdi','R60','Edema não classificado em outra parte');
INSERT INTO cid VALUES('2euiSXhcuwBJiluLssTsQ','R61','Hiperidrose');
INSERT INTO cid VALUES('ZgAr5itTdhV34Z0vDhwqH','R62','Retardo do desenvolvimento fisiológico normal');
INSERT INTO cid VALUES('q_WSDtKGtwXqRAafdVQci','R63','Sintomas e sinais relativos à ingestão de alimentos e líquidos');
INSERT INTO cid VALUES('m5AKWdRCYiO36Zm8Lflhj','R64','Caquexia');
INSERT INTO cid VALUES('nuTXNd4femwtPWK2S9iFg','R68','Outros sintomas e sinais gerais');
INSERT INTO cid VALUES('_0VOD2EYDg728YYZ_V6e6','R69','Causas desconhecidas e não especificadas de morbidade');
INSERT INTO cid VALUES('vPZr_NCd4HtArkFc2Fhaz','R70','Velocidade de hemossedimentação elevada e outras anormalidades da viscosidade plasmática');
INSERT INTO cid VALUES('zH3gOR20dSw1Uz716dxC_','R71','Anormalidade das hemácias');
INSERT INTO cid VALUES('iO9Ed6n1gJI-o3QtSDyLp','R72','Anormalidade dos leucócitos não classificada em outra parte');
INSERT INTO cid VALUES('ODXTkk5QXAWRwUz16lWRk','R73','Aumento da glicemia');
INSERT INTO cid VALUES('Piu8w-U_yL8X0xoJhWQhd','R74','Anormalidades dos níveis de enzimas séricas');
INSERT INTO cid VALUES('nN7s_mO75yKx3qR9uY5FL','R75','Evidência laboratorial do vírus da imunodeficiência humana [HIV]');
INSERT INTO cid VALUES('RcsbV2jZNKAMeDuh7IcsZ','R76','Outros achados imunológicos anormais no soro');
INSERT INTO cid VALUES('qMlaOwUViQufXMrppwuzb','R77','Outras anormalidades das proteínas plasmáticas');
INSERT INTO cid VALUES('5TaPckbeEuDMA67ED7kHl','R78','Presença de drogas e de outras substâncias normalmente não encontradas no sangue');
INSERT INTO cid VALUES('8iSWTdDh7rnGBD-wBUxXu','R79','Outros achados anormais de exames químicos do sangue');
INSERT INTO cid VALUES('DZDzrSPFFkwDoxzls9S0Q','R80','Proteinúria isolada');
INSERT INTO cid VALUES('urRhckX-eVrEkClvoZ7P9','R81','Glicosúria');
INSERT INTO cid VALUES('2XNLsaLqxThWtbLqIZAQH','R82','Outros achados anormais na urina');
INSERT INTO cid VALUES('Ruz6Fo4_Sl8UKVXQHeSMB','R83','Achados anormais no líquido cefalorraquidiano');
INSERT INTO cid VALUES('s6msuzQKoXUsuTJtrTfCM','R84','Achados anormais de material proveniente dos órgãos respiratórios e do tórax');
INSERT INTO cid VALUES('_Fnt5XAboFRUiVjJcTCMY','R85','Achados anormais de material proveniente dos órgãos digestivos e da cavidade abdominal');
INSERT INTO cid VALUES('ChsFgZLG0UYPVNSc8Jase','R86','Achados anormais de material proveniente dos órgãos genitais masculinos');
INSERT INTO cid VALUES('NwEmDyApqX9jpDtHc0nsu','R87','Achados anormais de material proveniente dos órgãos genitais femininos');
INSERT INTO cid VALUES('uXg0X_plilNudn-ycsDNn','R89','Achados anormais de material proveniente de outros órgãos, aparelhos, sistemas e tecidos');
INSERT INTO cid VALUES('U9n2BvZD3BoHolkUgtBBU','R90','Resultados anormais de exames para diagnóstico por imagem do sistema nervoso central');
INSERT INTO cid VALUES('kzwpbWFwsWXOXHyhMr22N','R91','Achados anormais, de exames para diagnóstico por imagem, do pulmão');
INSERT INTO cid VALUES('9XGdryQcQG_7P11ZGFdKy','R92','Achados anormais, de exames para diagnóstico por imagem, da mama');
INSERT INTO cid VALUES('SZn6POqXFncaSf0uGaMBc','R93','Achados anormais de exames para diagnóstico por imagem de outras estruturas do corpo');
INSERT INTO cid VALUES('G-8JgLuxS_dlvpbBMmPZV','R94','Resultados anormais de estudos de função');
INSERT INTO cid VALUES('ZlQeh7amr26YviHTE9hLg','R95','Síndrome da morte súbita na infância');
INSERT INTO cid VALUES('seKMvAEpaGvnMx5ijkYdJ','R96','Outras mortes súbitas de causa desconhecida');
INSERT INTO cid VALUES('fZi7MFPRGFrouVWEy3UYS','R98','Morte sem assistência');
INSERT INTO cid VALUES('-rcamQ4aGqaO1YXU0-5tH','R99','Outras causas mal definidas e as não especificadas de mortalidade');
INSERT INTO cid VALUES('XIH_GAdo2KibU3zsg1hsf','S00','Traumatismo superficial da cabeça');
INSERT INTO cid VALUES('0j19liPgB4rOpLcH5FFOx','S01','Ferimento da cabeça');
INSERT INTO cid VALUES('aHWfkhOeskgxbkK4o4Zht','S02','Fratura do crânio e dos ossos da face');
INSERT INTO cid VALUES('_TSdyRwU9cMp_3Au1ZZRU','S03','Luxação, entorse ou distensão das articulações e dos ligamentos da cabeça');
INSERT INTO cid VALUES('owE-_j3D8Pjt9Bj3gjIAX','S04','Traumatismo dos nervos cranianos');
INSERT INTO cid VALUES('yIc8V2-4SwbJnc2QzSF2m','S05','Traumatismo do olho e da órbita ocular');
INSERT INTO cid VALUES('u-C48xlLDnxE-1tdBUee_','S06','Traumatismo intracraniano');
INSERT INTO cid VALUES('3wvPm9vYl4uR0kzS9BXk7','S07','Lesões por esmagamento da cabeça');
INSERT INTO cid VALUES('mcSHwqbt2mZdSLSRJFDEv','S08','Amputação traumática de parte da cabeça');
INSERT INTO cid VALUES('B3z_ry7GYjmW9m1y2OzjU','S09','Outros traumatismos da cabeça e os não especificados');
INSERT INTO cid VALUES('0zNWzbXHo8VAg3qWYgxSQ','S10','Traumatismo superficial do pescoço');
INSERT INTO cid VALUES('1u7K0Vo4ckjRbe4Ew61Tw','S11','Ferimento do pescoço');
INSERT INTO cid VALUES('2wyQHtrHE02ialA07L3EU','S12','Fratura do pescoço');
INSERT INTO cid VALUES('dMoG_CZ7U2tdDqMgTFLUJ','S13','Luxação, entorse ou distensão das articulações e dos ligamentos do pescoço');
INSERT INTO cid VALUES('LV34vTeOXlgYgR1HtlxHB','S14','Traumatismo de nervos e da medula espinhal ao nível cervical');
INSERT INTO cid VALUES('rQO3XYSq1wlF1l1NToovO','S15','Traumatismo dos vasos sangüíneos ao nível do pescoço');
INSERT INTO cid VALUES('DA7eFaqvS26Nqn2JkX1_6','S16','Traumatismo de tendões e de músculos do pescoço');
INSERT INTO cid VALUES('NYcxKNhVIfWKqVCx-utcD','S17','Lesões por esmagamento do pescoço');
INSERT INTO cid VALUES('ZLBV-whkQH0PK9R1pEQQj','S18','Amputação traumática ao nível do pescoço');
INSERT INTO cid VALUES('xCKWbtfbWDHBrJq72tTM6','S19','Outros traumatismos do pescoço e os não especificados');
INSERT INTO cid VALUES('nxuEabnBiOgEZOeWD1evE','S20','Traumatismo superficial do tórax');
INSERT INTO cid VALUES('lIpqedwRxPMIID2f6hDUL','S21','Ferimento do tórax');
INSERT INTO cid VALUES('vfWnkUXntSH2hj8i0UTCn','S22','Fratura de costela(s), esterno e coluna torácica');
INSERT INTO cid VALUES('IbvM9wcXQtulzkVqw-HHK','S23','Luxação, entorse e distensão de articulações e dos ligamentos do tórax');
INSERT INTO cid VALUES('R1SDPgg-TdYdPfhlfJX7t','S24','Traumatismos de nervos e da medula espinhal ao nível do tórax');
INSERT INTO cid VALUES('Bk8EhF3yfcrspjvuq4zkO','S25','Traumatismo de vasos sangüíneos do tórax');
INSERT INTO cid VALUES('ThaCIcY8KFF-eyy0B-TnO','S26','Traumatismo do coração');
INSERT INTO cid VALUES('F40pWxwqlLjb0HBKd11OO','S27','Traumatismo de outros órgãos intratorácicos e dos não especificados');
INSERT INTO cid VALUES('zhhlgqERMbhunxuv_9_8V','S28','Lesão por esmagamento do tórax e amputação traumática de parte do tórax');
INSERT INTO cid VALUES('WS9CGHc1lcTn4vN-HPI3e','S29','Outros traumatismos do tórax e os não especificados');
INSERT INTO cid VALUES('FuaGAdG4v68VvEg-wVcXF','S30','Traumatismo superficial do abdome, do dorso e da pelve');
INSERT INTO cid VALUES('fKC-wk-NV6iOxanQt3Fy1','S31','Ferimento do abdome, do dorso e da pelve');
INSERT INTO cid VALUES('aB-KuAsaF3uLGgzDgDOPC','S32','Fratura da coluna lombar e da pelve');
INSERT INTO cid VALUES('1FqqhcwAlJLBkiz6bbfGA','S33','Luxação, entorse ou distensão das articulações e dos ligamentos da coluna lombar e da pelve');
INSERT INTO cid VALUES('_Xt4f68U622P49yBBjcQ0','S34','Traumatismo dos nervos e da medula lombar ao nível do abdome, do dorso e da pelve');
INSERT INTO cid VALUES('nX8Zss_AhfBlmftGhdKMS','S35','Traumatismo de vasos sangüíneos ao nível do abdome, do dorso e da pelve');
INSERT INTO cid VALUES('dTGlWieB2Gs_l1tzSAyzC','S36','Traumatismo de órgãos intra-abdominais');
INSERT INTO cid VALUES('nc0ETGc-TRkw7WYuFX9ZN','S37','Traumatismo do aparelho urinário e de órgãos pélvicos');
INSERT INTO cid VALUES('RgMcE9LJXuDCbD9lnD8fG','S38','Lesão por esmagamento e amputação traumática de parte do abdome, do dorso e da pelve');
INSERT INTO cid VALUES('7bpEFIzztVOmx0g_lOaQ6','S39','Outros traumatismos e os não especificados do abdome, do dorso e da pelve');
INSERT INTO cid VALUES('sv9ABxD9vrFPpc6W_bqLK','S40','Traumatismo superficial do ombro e do braço');
INSERT INTO cid VALUES('ErMumqbFxj6rZx0-tsvlB','S41','Ferimento do ombro e do braço');
INSERT INTO cid VALUES('Z6wkTq7WOjd2sho-csv9s','S42','Fratura do ombro e do braço');
INSERT INTO cid VALUES('1ICpijCvCHRTFexRk4aKN','S43','Luxação, entorse e distensão das articulações e dos ligamentos da cintura escapular');
INSERT INTO cid VALUES('sZ_yplt0g78JriAGUby3T','S44','Traumatismo de nervos ao nível do ombro e do braço');
INSERT INTO cid VALUES('0Xj5Nfq8pbCXdNLg6Nb8v','S45','Traumatismo dos vasos sangüíneos ao nível do ombro e do braço');
INSERT INTO cid VALUES('qA9vdK2738Pu8M1kaXv2n','S46','Traumatismo de tendão e músculo ao nível do ombro e do braço');
INSERT INTO cid VALUES('-w3F4Uo5_0xyW2TQl7ZGG','S47','Lesão por esmagamento do ombro e do braço');
INSERT INTO cid VALUES('a8I9O3NmVm1zfAW9JQ5u2','S48','Amputação traumática do ombro e do braço');
INSERT INTO cid VALUES('hMRyUKt7KNoSvq-MdazmB','S49','Outros traumatismos e os não especificados do ombro e do braço');
INSERT INTO cid VALUES('dQXa8JgmZp3DZF8oEW2xX','S50','Traumatismo superficial do cotovelo e do antebraço');
INSERT INTO cid VALUES('TiSaCnUb37aSSErbc0EXP','S51','Ferimento do antebraço');
INSERT INTO cid VALUES('fx5NqieM_Mgtt7YJLC7lY','S52','Fratura do antebraço');
INSERT INTO cid VALUES('PuYvLCH16jInrCUAwz993','S53','Luxação, entorse e distensão das articulações e dos ligamentos do cotovelo');
INSERT INTO cid VALUES('A3op-yyBHb51oGEaTSKZ8','S54','Traumatismo de nervos ao nível do antebraço');
INSERT INTO cid VALUES('B_x0hAwOel_762LhOIcHK','S55','Traumatismo de vasos sangüíneos ao nível do antebraço');
INSERT INTO cid VALUES('LpUlZZmyg8wfFxMPBZc1e','S56','Traumatismo do músculo e tendão ao nível do antebraço');
INSERT INTO cid VALUES('fq08r63C8pbbcEVgP63UI','S57','Lesão por esmagamento do antebraço');
INSERT INTO cid VALUES('LRFe7mxa0TvsdljKReNEI','S58','Amputação traumática do cotovelo e do antebraço');
INSERT INTO cid VALUES('7mHQW-stLI_1CQzyFvUmr','S59','Outros traumatismos do antebraço e os não especificados');
INSERT INTO cid VALUES('_Eo0N94z_uncdio7o8keM','S60','Traumatismo superficial do punho e da mão');
INSERT INTO cid VALUES('7cN4K7zbAs5NpF869LtNT','S61','Ferimento do punho e da mão');
INSERT INTO cid VALUES('cuPW8Dhby90dCMbvyDaL4','S62','Fratura ao nível do punho e da mão');
INSERT INTO cid VALUES('-hGsHRHiTkag6OWuCEDRj','S63','Luxação, entorse e distensão das articulações e dos ligamentos ao nível do punho e da mão');
INSERT INTO cid VALUES('p5U3AAc68J8Ba7HqEYVsy','S64','Traumatismo de nervos ao nível do punho e da mão');
INSERT INTO cid VALUES('0RsnFdAxbiE8tr2vHEQQv','S65','Traumatismo de vasos sangüíneos ao nível do punho e da mão');
INSERT INTO cid VALUES('C1t-H8v83ba5EmzeKkB5B','S66','Traumatismo de músculo e tendão ao nível do punho e da mão');
INSERT INTO cid VALUES('AsaLpleCDpAn4GWTOUmY7','S67','Lesão por esmagamento do punho e da mão');
INSERT INTO cid VALUES('0GAYobhilVGentcDiBqNr','S68','Amputação traumática ao nível do punho e da mão');
INSERT INTO cid VALUES('tZWoZg-MoStVKxtIkGH2E','S69','Outros traumatismos e os não especificados do punho e da mão');
INSERT INTO cid VALUES('vUwCK69wsjqEwz7LESX0w','S70','Traumatismo superficial do quadril e da coxa');
INSERT INTO cid VALUES('wxCjFwr85ZhxSF8usIBW7','S71','Ferimento do quadril e da coxa');
INSERT INTO cid VALUES('WLVnBNqeJRtXBe0CmwfV8','S72','Fratura do fêmur');
INSERT INTO cid VALUES('zJ7bYL-5am24_iN9x_mHM','S73','Luxação, entorse e distensão da articulação e dos ligamentos do quadril');
INSERT INTO cid VALUES('uHImzPN1E62B5uo3qQyXd','S74','Traumatismo de nervos ao nível do quadril e da coxa');
INSERT INTO cid VALUES('6TMPqCI6HcIIwjwNcFB2C','S75','Traumatismo de vasos sangüíneos ao nível do quadril e da coxa');
INSERT INTO cid VALUES('NohfHa4CCH00AVSVm7kgt','S76','Traumatismo de músculo e de tendão ao nível do quadril e da coxa');
INSERT INTO cid VALUES('EzBOY4ZbSlvS74wGMH9De','S77','Lesão por esmagamento do quadril e da coxa');
INSERT INTO cid VALUES('iBb2sjICvhfTmKCsj4GCA','S78','Amputação traumática do quadril e da coxa');
INSERT INTO cid VALUES('BIvqJIQE57bLKhyhrB0c4','S79','Outros traumatismos e os não especificados do quadril e da coxa');
INSERT INTO cid VALUES('2ZA-Mz4V2W93MK47OtRe6','S80','Traumatismo superficial da perna');
INSERT INTO cid VALUES('JA8TFi9HDKsmybw_1oF4y','S81','Ferimento da perna');
INSERT INTO cid VALUES('TFxxSu7U2M2vmjr0zvv0p','S82','Fratura da perna, incluindo tornozelo');
INSERT INTO cid VALUES('5ybmy0jyIKl_XGXe-gFR1','S83','Luxação, entorse e distensão das articulações e dos ligamentos do joelho');
INSERT INTO cid VALUES('txeMmyD-fJGm5rz6IFBd2','S84','Traumatismo de nervos periféricos da perna');
INSERT INTO cid VALUES('ybZXk5H7SUTvUubeZXtN9','S85','Traumatismo de vasos sangüíneos da perna');
INSERT INTO cid VALUES('SXvhMoq9AKrp8434jaDPy','S86','Traumatismos de músculo e de tendão ao nível da perna');
INSERT INTO cid VALUES('OnPFXTSXPs5Ipl5rJrxdG','S87','Traumatismo por esmagamento da perna');
INSERT INTO cid VALUES('gIRFgZprz3Hfx1PoJd5U3','S88','Amputação traumática da perna');
INSERT INTO cid VALUES('U5BH6Tck0uZXVzh6Gwbg1','S89','Outros traumatismos e os não especificados da perna');
INSERT INTO cid VALUES('iZxoiHm16DmqdNv0W7k-M','S90','Traumatismo superficial do tornozelo e do pé');
INSERT INTO cid VALUES('a9QIH1eclMJ4BlCKuw3hs','S91','Ferimentos do tornozelo e do pé');
INSERT INTO cid VALUES('lCA6eOiuqA3rZwcbaXe-3','S92','Fratura do pé (exceto do tornozelo)');
INSERT INTO cid VALUES('sunnzw1zB9X-7Y4qxy_ed','S93','Luxação, entorse e distensão das articulações e dos ligamentos ao nível do tornozelo e do pé');
INSERT INTO cid VALUES('4NUNxc062vHiLyMJla545','S94','Traumatismo dos nervos ao nível do tornozelo e do pé');
INSERT INTO cid VALUES('LpS9oP8EUNHwIIVEZKRr1','S95','Traumatismo de vasos sangüíneos ao nível do tornozelo e do pé');
INSERT INTO cid VALUES('tJFojDg8CQ30-_bADguCl','S96','Traumatismos do músculo e tendão ao nível do tornozelo e do pé');
INSERT INTO cid VALUES('R-c9RlNVTzRZgM7Sk21hU','S97','Lesão por esmagamento do tornozelo e do pé');
INSERT INTO cid VALUES('V5YbEL06kz055UowV6o1-','S98','Amputação traumática do tornozelo e do pé');
INSERT INTO cid VALUES('YsGHynAJz62WyEtuvbT87','S99','Outros traumatismos e os não especificados do tornozelo e do pé');
INSERT INTO cid VALUES('phTdYAXkDrz3dYyWf6D2j','T00','Traumatismos superficiais envolvendo múltiplas regiões do corpo');
INSERT INTO cid VALUES('fr0w72ruk07Obas5VInJa','T01','Ferimentos envolvendo múltiplas regiões do corpo');
INSERT INTO cid VALUES('pp64cosBb2powF3XTXHsE','T02','Fraturas envolvendo múltiplas regiões do corpo');
INSERT INTO cid VALUES('sWqLpsHw1aVA_6nHMMe5f','T03','Luxações, entorses e distensões envolvendo regiões múltiplas do corpo');
INSERT INTO cid VALUES('fQ3j0Jos9pNkBHuO3X8_s','T04','Traumatismos por esmagamento envolvendo múltiplas regiões do corpo');
INSERT INTO cid VALUES('Ql-PwU3FxDIhCHGpdTcaw','T05','Amputações traumáticas envolvendo múltiplas regiões do corpo');
INSERT INTO cid VALUES('hIHOI-5sJGsaMr9c_cURr','T06','Outros traumatismos envolvendo regiões múltiplas do corpo, não classificados em outra parte');
INSERT INTO cid VALUES('3BuQctYO3V9muF2_kCKOZ','T07','Traumatismos múltiplos não especificados');
INSERT INTO cid VALUES('T239kHxv0BWJe-Lvfa0yi','T08','Fratura da coluna, nível não especificado');
INSERT INTO cid VALUES('-ENby0SLwM1CpRfFxeQH0','T09','Outros traumatismos de coluna e tronco, nível não especificado');
INSERT INTO cid VALUES('lOq80IVPYv2WI7c5Lx8fO','T10','Fratura do membro superior, nível não especificado');
INSERT INTO cid VALUES('MTSIBL-JPt34HNC0SJuIS','T11','Outros traumatismos de membro superior, nível não especificado');
INSERT INTO cid VALUES('nexsGYfnSbYNmd8ymjVRa','T12','Fratura do membro inferior, nível não especificado');
INSERT INTO cid VALUES('vaCb36Os8V9ATU9KZpUng','T13','Outros traumatismos de membro inferior, nível não especificado');
INSERT INTO cid VALUES('uXQfdeaatSeZa-t-kjfdz','T14','Traumatismo de região não especificada do corpo');
INSERT INTO cid VALUES('qNrIHiOFQhfjqzsTKr0_6','T15','Corpo estranho na parte externa do olho');
INSERT INTO cid VALUES('WFDTKhssK8PE5N0L5rLCb','T16','Corpo estranho no ouvido');
INSERT INTO cid VALUES('Vj4CynE20dqpPookt5nhV','T17','Corpo estranho no trato respiratório');
INSERT INTO cid VALUES('a1SHd6_e0kIgeF7PNxbpP','T18','Corpo estranho no aparelho digestivo');
INSERT INTO cid VALUES('Iw4_HXnHjULqqcEQFKmX9','T19','Corpo estranho no trato geniturinário');
INSERT INTO cid VALUES('W3vnL7rj1Xeih8PvYXeU0','T20','Queimadura e corrosão da cabeça e pescoço');
INSERT INTO cid VALUES('Mfp6rop9nY10jCuOIS2A5','T21','Queimadura e corrosão do tronco');
INSERT INTO cid VALUES('fl5zojnb6jmx2AfsdZC-d','T22','Queimadura e corrosão do ombro e membro superior, exceto punho e mão');
INSERT INTO cid VALUES('E6XqHH7IdWqAotHd8mLiK','T23','Queimadura e corrosão do punho e da mão');
INSERT INTO cid VALUES('JOcAMi-cR7ZSxh3295nTR','T24','Queimadura e corrosão do quadril e membro inferior, exceto tornozelo e do pé');
INSERT INTO cid VALUES('vJUcswr0ZQ_U9GrIBKZGJ','T25','Queimadura e corrosão do tornozelo e do pé');
INSERT INTO cid VALUES('3mZrt_ORYqDmSZxOBTwQI','T26','Queimadura e corrosão limitadas ao olho e seus anexos');
INSERT INTO cid VALUES('Sm8dViPAdGLWx0Rj_Tn-N','T27','Queimadura e corrosão do trato respiratório');
INSERT INTO cid VALUES('I3UjfDIgjxNS24Nt0agTt','T28','Queimadura e corrosão de outros órgãos internos');
INSERT INTO cid VALUES('L20wKP-L323777b225pL1','T29','Queimaduras e corrosões de múltiplas regiões do corpo');
INSERT INTO cid VALUES('EpLaBin-dS8YL--mTOM4O','T30','Queimadura e corrosão, parte não especificada do corpo');
INSERT INTO cid VALUES('g6kF_Ywhz_Yn4oZ9U_Xdb','T31','Queimaduras classificadas segundo a extensão da superfície corporal atingida');
INSERT INTO cid VALUES('iMKl9lx-ZdEzTpBJC9f4r','T32','Corrosões classificadas segundo a extensão da superfície corporal atingida');
INSERT INTO cid VALUES('GWToBNEtMhBE6rcqlK3rp','T33','Geladura superficial');
INSERT INTO cid VALUES('Jgxcx8BsC2y4hRitpwWK0','T34','Geladura com necrose de tecidos');
INSERT INTO cid VALUES('JiBG6GdD4xLcInSCSAHw_','T35','Geladura de múltiplas partes do corpo e das não especificadas');
INSERT INTO cid VALUES('8wimY12madeTSyxvMB2S4','T36','Intoxicação por antibióticos sistêmicos');
INSERT INTO cid VALUES('gp3SujEzkpPBnBrRRZ-7T','T37','Intoxicação por outras substâncias antiinfecciosas ou antiparasitárias sistêmicas');
INSERT INTO cid VALUES('ylqmyYrXra63uO3Okr96h','T38','Intoxicação por hormônios, seus substitutos sintéticos e seus antagonistas não classificados em outra parte');
INSERT INTO cid VALUES('k_ibhiUcJczgSJE3htbvr','T39','Intoxicação por analgésicos, antipiréticos e anti-reumáticos não-opiáceos');
INSERT INTO cid VALUES('Wa1f1rMXeUsH-hrR71kJ7','T40','Intoxicação por narcóticos e psicodislépticos [alucinógenos]');
INSERT INTO cid VALUES('G9Jrn5EX8wDsa9CXOrBnV','T41','Intoxicação por anestésicos e gases terapêuticos');
INSERT INTO cid VALUES('HWM9joWaxFBcGCrXpI9jB','T42','Intoxicação por antiepilépticos, sedativos-hipnóticos e antiparkinsonianos');
INSERT INTO cid VALUES('Zwr_DMkw7DVWuMblEH15o','T43','Intoxicação por drogas psicotrópicas não classificadas em outra parte');
INSERT INTO cid VALUES('dprI1_llW1fHqHz1xS2-H','T44','Intoxicação por drogas que afetam principalmente o sistema nervoso autônomo');
INSERT INTO cid VALUES('7ffinwA08DKxOLZcOnaNK','T45','Intoxicação por substâncias de ação essencialmente sistêmica e substâncias hematológicas, não classificadas em outra parte');
INSERT INTO cid VALUES('_Yor6Af1reuPRw2dgnHUx','T46','Intoxicação por substâncias que atuam primariamente sobre o aparelho circulatório');
INSERT INTO cid VALUES('tWYdmNAJ44jWhHmTFdkz8','T47','Intoxicação por substâncias que atuam primariamente sobre o aparelho gastrointestinal');
INSERT INTO cid VALUES('xaffQGfAjFHeI3MHnbR6r','T48','Intoxicação por substâncias que atuam primariamente sobre os músculos lisos e esqueléticos e sobre o aparelho respiratório');
INSERT INTO cid VALUES('z9-G12dty9rvv5LtXCs6M','T49','Intoxicação por substâncias de uso tópico que atuam primariamente sobre a pele e as mucosas e por medicamentos utilizados em oftalmologia, otorrinolar');
INSERT INTO cid VALUES('VMYSNyGcOuRI0gsGj0kHv','T50','Intoxicação por diuréticos e outras drogas, medicamentos e substâncias biológicas e as não especificadas');
INSERT INTO cid VALUES('8fQgNp-6ZvTjEw8ZSvC2r','T51','Efeito tóxico do álcool');
INSERT INTO cid VALUES('W2GF_gnGha1RFYCs6nEDc','T52','Efeito tóxico de solventes orgânicos');
INSERT INTO cid VALUES('0lY4fbxN2kGPJ9yMX4Dch','T53','Efeito tóxico de derivados halogênicos de hidrocarbonetos alifáticos e aromáticos');
INSERT INTO cid VALUES('V2brvah5Ajj5gC_Jzeo7O','T54','Efeito tóxico de corrosivos');
INSERT INTO cid VALUES('zkQ2YjQfdutSVsrG1US9P','T55','Efeito tóxico de sabões e detergentes');
INSERT INTO cid VALUES('i6ttN40mkZWJGt5YeW9gB','T56','Efeito tóxico de metais');
INSERT INTO cid VALUES('WMnCf2nXx-oF08xxwiSzU','T57','Efeito tóxico de outras substâncias inorgânicas');
INSERT INTO cid VALUES('bKpWg1OUZKHijjkP0ONZZ','T58','Efeito tóxico do monóxido de carbono');
INSERT INTO cid VALUES('8jgxx3ZAPnvi1PUB8ITnE','T59','Efeito tóxico de outros gases, fumaças e vapores');
INSERT INTO cid VALUES('X2P_VDKO5pMt1BvFrTg0z','T60','Efeito tóxico de pesticidas');
INSERT INTO cid VALUES('61jaJ4gMbt6VSLuDeGUXC','T61','Efeito tóxico de substâncias nocivas consumidas como fruto do mar');
INSERT INTO cid VALUES('3vNSuwVMYAXVXOTsnR5mA','T62','Efeito tóxico de outras substâncias nocivas ingeridas como alimento');
INSERT INTO cid VALUES('tu2Gx4EdGyP6Sx9G2YdMe','T63','Efeito tóxico de contato com animais venenosos');
INSERT INTO cid VALUES('c0d6AgGvBMxjYnZxYAVB1','T64','Efeito tóxico da aflatoxina e de outras micotoxinas contaminantes de alimentos');
INSERT INTO cid VALUES('JsRkkclpKpGtrX2o5SIkG','T65','Efeito tóxico de outras substâncias e as não especificadas');
INSERT INTO cid VALUES('VbU1Sxl3oyRn7MPaOxsIa','T66','Efeitos não especificados de radiação');
INSERT INTO cid VALUES('mDA1QTtaCp244uoNrN7Xs','T67','Efeitos do calor e da luz');
INSERT INTO cid VALUES('sIex1WsuLNVg-MLaeN6is','T68','Hipotermia');
INSERT INTO cid VALUES('pGyA5GPlleLbhuSNcbm-J','T69','Outros efeitos da temperatura reduzida');
INSERT INTO cid VALUES('yotfWIFDx1LTzQ8_gJkpn','T70','Efeitos da pressão atmosférica e da pressão da água');
INSERT INTO cid VALUES('yZNfEqQHQ_UZ_JODKnHx_','T71','Asfixia');
INSERT INTO cid VALUES('nKg4ChiFs5LvJlc6KAlJ8','T73','Efeitos de outras privações');
INSERT INTO cid VALUES('1hQntJYAk18zdwSzLvyLC','T74','Síndromes de maus tratos');
INSERT INTO cid VALUES('fVI7HGuxPuvPrNV-OJtQl','T75','Efeitos de outras causas externas');
INSERT INTO cid VALUES('YdNfXYxQIsojs4mW_01AG','T78','Efeitos adversos não classificados em outra parte');
INSERT INTO cid VALUES('ZyUpibtX-jgu9hz95xYC_','T79','Algumas complicações precoces dos traumatismos não classificadas em outra parte');
INSERT INTO cid VALUES('mosr2xIf5xYAEnxryyjdY','T80','Complicações conseqüentes à infusão, transfusão ou injeção terapêutica');
INSERT INTO cid VALUES('3Px5nyVGB64ZdNplxTeqw','T81','Complicações de procedimentos não classificadas em outra parte');
INSERT INTO cid VALUES('aoircWlo3g4SFbTHlfFzA','T82','Complicações de dispositivos protéticos, implantes e enxertos cardíacos e vasculares');
INSERT INTO cid VALUES('iXMb82u00Jq3LH7ZaF098','T83','Complicações de dispositivos protéticos, implantes e enxertos geniturinários internos');
INSERT INTO cid VALUES('lT8Z3iuv-PIDrIu_Xxaax','T84','Complicações de dispositivos protéticos, implantes e enxertos ortopédicos internos');
INSERT INTO cid VALUES('SPOxOMFXgyIHm0IBtVuQ6','T85','Complicações de outros dispositivos protéticos, implantes e enxertos internos');
INSERT INTO cid VALUES('0qXFOsUrqNxmOE9t4YkE0','T86','Falha e rejeição de órgãos e tecidos transplantados');
INSERT INTO cid VALUES('1UXA1Q2yhNUv4BO8Vr6Uf','T87','Complicações próprias de reimplante e amputação');
INSERT INTO cid VALUES('DciFhC8llb4xgC5WKlHQ0','T88','Outras complicações de cuidados médicos e cirúrgicos não classificadas em outra parte');
INSERT INTO cid VALUES('tnEnMNZCuYDAWkjyzftwb','T90','Seqüelas de traumatismo da cabeça');
INSERT INTO cid VALUES('mxMcZ7EOlzovzMMUARdWj','T91','Seqüelas de traumatismos do pescoço e do tronco');
INSERT INTO cid VALUES('HmPvpgwjCltqZxHGwvyJe','T92','Seqüelas de traumatismos do membro superior');
INSERT INTO cid VALUES('WtwruwbjBeNoMOJXdZ8TN','T93','Seqüelas de traumatismos do membro inferior');
INSERT INTO cid VALUES('RyKt-O14sqc4O_gQfqGwV','T94','Seqüelas de traumatismos envolvendo múltiplas regiões do corpo e as não especificadas');
INSERT INTO cid VALUES('b305saqOTH0xCbwmb2kNl','T95','Seqüelas de queimaduras, corrosões e geladuras');
INSERT INTO cid VALUES('6533q6bSaYFJLwRIzzanZ','T96','Seqüelas de intoxicação por drogas, medicamentos e substâncias biológicas');
INSERT INTO cid VALUES('0nXmnxXDBlde9ZFskjK5e','T97','Seqüelas de efeitos tóxicos de substâncias de origem predominantemente não-medicinal');
INSERT INTO cid VALUES('CPW-PW-DJWcU4jGhC9igN','T98','Seqüelas de outros efeitos de causas externas e dos não especificados');
INSERT INTO cid VALUES('lXmpEir14wFGXP9Ac-k6s','U04','Síndrome respiratória aguda grave [severe acute respiratory syndrome SARS]');
INSERT INTO cid VALUES('kV9AG26pnVP7wakm7dsiY','U80','Agente resistente à penicilina e antibióticos relacionados');
INSERT INTO cid VALUES('pLSnAGgEd2nJ6g6FCP2iA','U81','Agente resistente à vancomicina e antibióticos relacionados');
INSERT INTO cid VALUES('wb6h7epI59UXSXmm0CN2y','U88','Agente resistente a múltiplos antibióticos');
INSERT INTO cid VALUES('w4GCzAvGcE1uNaeVSH-U7','U89','Agente resistente a outros antibióticos e a antibióticos não especificados');
INSERT INTO cid VALUES('kuCFbSJifPOwjHc8ritkf','U99','CID 10ª Revisão não disponível');
INSERT INTO cid VALUES('X05zQGIyu_kszYoDluM9e','V01','Pedestre traumatizado em colisão com um veículo a pedal');
INSERT INTO cid VALUES('T638feV6qM070IBbWITv6','V02','Pedestre traumatizado em colisão com um veículo a motor de duas ou três rodas');
INSERT INTO cid VALUES('Hx3wBArm7LO9WBaytxjXe','V03','Pedestre traumatizado em colisão com um automóvel [carro], "pick up" ou caminhonete');
INSERT INTO cid VALUES('bcoI5urRgXzVuvFoCNljw','V04','Pedestre traumatizado em colisão com um veículo de transporte pesado ou com um ônibus');
INSERT INTO cid VALUES('V8s9ooWHRw3gsOhuyDnKy','V05','Pedestre traumatizado em colisão com trem [comboio] ou um veículo ferroviário');
INSERT INTO cid VALUES('qqV0ZQHAXM87UIdrdXvrS','V06','Pedestre traumatizado em colisão com outro veículo não-motorizado');
INSERT INTO cid VALUES('DUJrEEIQZz1F8NQjMp8KM','V09','Pedestre traumatizado em outros acidentes de transporte e em acidentes de transporte não especificados');
INSERT INTO cid VALUES('RSqV1H6Q1n3yBOAvsH01g','V10','Ciclista traumatizado em colisão com um pedestre ou um animal');
INSERT INTO cid VALUES('7ShgRm7FnAJ2u64JiD9PA','V11','Ciclista traumatizado em colisão com outro veículo a pedal');
INSERT INTO cid VALUES('B_oqWAos_UIP7tqf5y-Wj','V12','Ciclista traumatizado em colisão com um veículo a motor de duas ou três rodas');
INSERT INTO cid VALUES('iTJ-NMeJbZU6plInb4gGX','V13','Ciclista traumatizado em colisão com um automóvel, "pick up" ou caminhonete');
INSERT INTO cid VALUES('ITCwtc2kPo7IR23Wu9Uw9','V14','Ciclista traumatizado em colisão com um veículo de transporte pesado ou um ônibus');
INSERT INTO cid VALUES('IRUEakVmwow5NuBu2YYQK','V15','Ciclista traumatizado em colisão com um trem ou um veículo ferroviário');
INSERT INTO cid VALUES('X2IPNrpXCHnfwnrZcKulZ','V16','Ciclista traumatizado em colisão com outro veículo não-motorizado');
INSERT INTO cid VALUES('noPNufSyvf6LwZwr7FnsY','V17','Ciclista traumatizado em colisão com um objeto fixo ou parado');
INSERT INTO cid VALUES('j6NToDW-a8DtvsFyyJeWe','V18','Ciclista traumatizado em um acidente de transporte sem colisão');
INSERT INTO cid VALUES('q85DafTbUNctvPJRQKSQ7','V19','Ciclista traumatizado em outros acidentes de transporte e em acidentes de transporte não especificados');
INSERT INTO cid VALUES('UuBaUg19lH0tXiWx76yTY','V20','Motociclista traumatizado em colisão com um pedestre ou um animal');
INSERT INTO cid VALUES('rhJ-v1r0yme9aY4Gk9_Rb','V21','Motociclista traumatizado em colisão com um veículo a pedal');
INSERT INTO cid VALUES('zn8f8Hs-IT0eki3MB9-xW','V22','Motociclista traumatizado em colisão com um veículo a motor de duas ou três rodas');
INSERT INTO cid VALUES('QS-x-aQi0Sov0f1iLukGn','V23','Motociclista traumatizado em colisão com um automóvel [carro], "pick up" ou caminhonete');
INSERT INTO cid VALUES('XUdvYmB2v9t4KaSM0QIT6','V24','Motociclista traumatizado em colisão com um veículo de transporte pesado ou um ônibus');
INSERT INTO cid VALUES('jBdZr9FZalrOy6po96WCQ','V25','Motociclista traumatizado em colisão com um trem ou um veículo ferroviário');
INSERT INTO cid VALUES('vyZ-MoOG-RTVikbOEzM8b','V26','Motociclista traumatizado em colisão com outro veículo não-motorizado');
INSERT INTO cid VALUES('hA4BmGKCoXyCEsMsxkHnq','V27','Motociclista traumatizado em colisão com um objeto fixo ou parado');
INSERT INTO cid VALUES('fcHWq3CQVRr_YyP7OH0uR','V28','Motociclista traumatizado em um acidente de transporte sem colisão');
INSERT INTO cid VALUES('aDepO15w8cLCn4tdub7Ca','V29','Motociclista traumatizado em outros acidentes de transporte e em acidentes de transporte não especificados');
INSERT INTO cid VALUES('Cu3wbPBvqmyougvCypBaN','V30','Ocupante de um triciclo motorizado traumatizado em colisão com um pedestre ou um animal');
INSERT INTO cid VALUES('Muzr1w38jMVHLnlSD9ss1','V31','Ocupante de um triciclo motorizado traumatizado em colisão com um veículo a pedal');
INSERT INTO cid VALUES('lbUEA9p9QX7LqJ1j7ZVtp','V32','Ocupante de um triciclo motorizado traumatizado em colisão com outro veículo a motor de duas ou três rodas');
INSERT INTO cid VALUES('DCCqam8KlP_zD6j3PEfb8','V33','Ocupante de um triciclo motorizado traumatizado em colisão com um automóvel, "pick up" ou caminhonete');
INSERT INTO cid VALUES('KFJww6uR861t_EK061eEQ','V34','Ocupante de um triciclo motorizado traumatizado em colisão com um veículo de transporte pesado ou um ônibus');
INSERT INTO cid VALUES('xZKKuFI8-DVoOeo20iCjt','V35','Ocupante de um triciclo motorizado traumatizado em colisão com um trem [comboio] ou um veículo ferroviário');
INSERT INTO cid VALUES('pgesKqraOMYLYNRaFHI2g','V36','Ocupante de um triciclo motorizado traumatizado em colisão com outro veículo não-motorizado');
INSERT INTO cid VALUES('y6U8yi39HNRpyad3eHZVH','V37','Ocupante de um triciclo motorizado traumatizado em colisão com um objeto fixo ou parado');
INSERT INTO cid VALUES('UzzSELMuUwPv3gCa4Xx33','V38','Ocupante de um triciclo motorizado traumatizado em um acidente de transporte sem colisão');
INSERT INTO cid VALUES('BLdlUhmerqBE39-V_rYnE','V39','Ocupante de um triciclo motorizado traumatizado em outros acidentes de transporte e em acidentes de transporte não especificados');
INSERT INTO cid VALUES('q8ieUHZdJsk7Sld_x6fWu','V40','Ocupante de um automóvel [carro] traumatizado em colisão com um pedestre ou um animal');
INSERT INTO cid VALUES('BiuHyM5R0FasNO5C6LiEZ','V41','Ocupante de um automóvel [carro] traumatizado em colisão com um veículo a pedal');
INSERT INTO cid VALUES('Q8jec3l55twd7C-oCBbq0','V42','Ocupante de um automóvel [carro] traumatizado em colisão com outro veículo a motor de duas ou três rodas');
INSERT INTO cid VALUES('uehvXxR0_LKl877_xENKG','V43','Ocupante de um automóvel [carro] traumatizado em colisão com um automóvel [carro], "pick up" ou caminhonete');
INSERT INTO cid VALUES('IZyqXAJl6iPqpUmWaQH9h','V44','Ocupante de um automóvel [carro] traumatizado em colisão com um veículo de transporte pesado ou um ônibus');
INSERT INTO cid VALUES('RNL79o5OIGfBNYmFGUAOF','V45','Ocupante de um automóvel [carro] traumatizado em colisão com um trem [comboio] ou um veículo ferroviário');
INSERT INTO cid VALUES('U5GQlIarQEmndm5-Dm8PX','V46','Ocupante de um automóvel [carro] traumatizado em colisão com outro veículo não-motorizado');
INSERT INTO cid VALUES('joC1T-kneg8tw2b-X1iGN','V47','Ocupante de um automóvel [carro] traumatizado em colisão com um objeto fixo ou parado');
INSERT INTO cid VALUES('WU1EJiwlFZWtEH-fSRWhx','V48','Ocupante de um automóvel [carro] traumatizado em um acidente de transporte sem colisão');
INSERT INTO cid VALUES('9P1YSL4laWIrY7ZWFjysc','V49','Ocupante de um automóvel [carro] traumatizado em outro acidentes de transporte e em acidentes de transporte não especificados');
INSERT INTO cid VALUES('2pPn2w2Gq2DJvmHzg89qy','V50','Ocupante de uma caminhonete traumatizado em colisão com um pedestre ou um animal');
INSERT INTO cid VALUES('1MOuHCrcYFVlcGqm2CRZm','V51','Ocupante de uma caminhonete traumatizado em colisão com um veículo a pedal');
INSERT INTO cid VALUES('3mNEnf2bN9Bnbmin5EIsd','V52','Ocupante de uma caminhonete traumatizado em colisão com veículo a motor de duas ou três rodas');
INSERT INTO cid VALUES('1qrM6N-XFsYolZEV1-nSa','V53','Ocupante de uma caminhonete traumatizado em colisão com um automóvel [carro] ou uma caminhonete');
INSERT INTO cid VALUES('0-mr-duXXrC0Vo7CqrRXd','V54','Ocupante de uma caminhonete traumatizado em colisão com um veículo de transporte pesado ou um ônibus');
INSERT INTO cid VALUES('bZoIknXKcoOLCp0AFe-dX','V55','Ocupante de uma caminhonete traumatizado em colisão com um trem [comboio] ou veículo ferroviário');
INSERT INTO cid VALUES('8ARev5tkMNH_a6ZFeNwxV','V56','Ocupante de uma caminhonete traumatizado em colisão com outro veículo não-motorizado');
INSERT INTO cid VALUES('aD5Z_FWxEMeXNZdsbXaSo','V57','Ocupante de uma caminhonete traumatizado em colisão com um objeto fixo ou parado');
INSERT INTO cid VALUES('-plx-1DfcImwq1W14aKBT','V58','Ocupante de uma caminhonete traumatizado em um acidente de transporte sem colisão');
INSERT INTO cid VALUES('1gPHkgRIZmZqX0SaxntTI','V59','Ocupante de uma caminhonete traumatizado em outros acidentes de transporte e em acidentes de transporte não especificados');
INSERT INTO cid VALUES('KE18mP57kWUAxsT4hAsEG','V60','Ocupante de um veículo de transporte pesado traumatizado em colisão com um pedestre ou um animal');
INSERT INTO cid VALUES('WVi1uZtBsvbmGWuAofl0q','V61','Ocupante de um veículo de transporte pesado traumatizado em colisão com um veículo a pedal');
INSERT INTO cid VALUES('hQZ0aop5-foBgOiFMyY7q','V62','Ocupante de um veículo de transporte pesado traumatizado em colisão com um veículo a motor de duas ou três rodas');
INSERT INTO cid VALUES('FFqIe7CASHNaOBqtAdDhl','V63','Ocupante de um veículo de transporte pesado traumatizado em colisão com um automóvel [carro] ou uma caminhonete');
INSERT INTO cid VALUES('TaT3Fq0rkOsJybkGEZJqq','V64','Ocupante de um veículo de transporte pesado traumatizado em colisão com um outro veículo de transporte pesado ou um ônibus');
INSERT INTO cid VALUES('AasVQ9QwdcHDiAKkKu5Zv','V65','Ocupante de um veículo de transporte pesado traumatizado em colisão com um trem [comboio] ou um veículo ferroviário');
INSERT INTO cid VALUES('3a6Xp-WkP6g62HSWV0Gfv','V66','Ocupante de um veículo de transporte pesado traumatizado em colisão com um outro veículo não-motorizado');
INSERT INTO cid VALUES('skktzRsFr2c032MalJUav','V67','Ocupante de um veículo de transporte pesado traumatizado em colisão com um objeto fixo ou parado');
INSERT INTO cid VALUES('WGw_DWoo3RQwSaxNBYiFr','V68','Ocupante de um veículo de transporte pesado traumatizado em um acidente de transporte sem colisão');
INSERT INTO cid VALUES('QJL0c6EoZySul0iGq8ycn','V69','Ocupante de um veículo de transporte pesado traumatizado em outros acidentes de transporte não especificados');
INSERT INTO cid VALUES('9-myRbjdL0yphvb4EUHl5','V70','Ocupante de um ônibus traumatizado em colisão com um pedestre ou um animal');
INSERT INTO cid VALUES('ek71CPTBS_RKIXe4SIOwS','V71','Ocupante de um ônibus traumatizado em colisão com um veículo a pedal');
INSERT INTO cid VALUES('c5bCzCqq8sBlAMoofQlGN','V72','Ocupante de um ônibus traumatizado em colisão com um outro veículo a motor de duas ou três rodas');
INSERT INTO cid VALUES('xvipqvvxkO2z383FV12CO','V73','Ocupante de um ônibus traumatizado em colisão com um automóvel [carro] ou uma caminhonete');
INSERT INTO cid VALUES('asvbKfYFIReqt__eepIIo','V74','Ocupante de um ônibus traumatizado em colisão com um veículo de transporte pesado ou um ônibus');
INSERT INTO cid VALUES('-QlU34XcC_x4pkUylLgxg','V75','Ocupante de um ônibus traumatizado em colisão com um trem [comboio] ou um veículo ferroviário');
INSERT INTO cid VALUES('CcRqTE3eX3QFuCZenWJNK','V76','Ocupante de um ônibus traumatizado em colisão com outro veículo não-motorizado');
INSERT INTO cid VALUES('xxgqg7m1cz9dYzPtKtX31','V77','Ocupante de um ônibus traumatizado em colisão com um objeto fixo ou parado');
INSERT INTO cid VALUES('0jrdTOh5WQ8GA_Wq3DusA','V78','Ocupante de um ônibus traumatizado em um acidente de transporte sem colisão');
INSERT INTO cid VALUES('D-TQu6o6bXovCwHkCZUU_','V79','Ocupante de um ônibus traumatizado em outros acidentes de transporte e em acidentes de transporte não especificados');
INSERT INTO cid VALUES('lSNRBP0bQz_UKxYHQK4_q','V80','Pessoa montada em animal ou ocupante de um veículo a tração animal traumatizado em um acidente de transporte');
INSERT INTO cid VALUES('Gn0yf_cGZIsqktHY-w2sk','V81','Ocupante de um trem [comboio] ou um veículo ferroviário traumatizado em um acidente de transporte');
INSERT INTO cid VALUES('svQUGlItfZWuNOqU6qVU7','V82','Ocupante de um bonde [carro elétrico] traumatizado em um acidente de transporte');
INSERT INTO cid VALUES('8OCv_jTBDFq86cyMx6v-u','V83','Ocupante de um veículo especial a motor usado principalmente em áreas industriais traumatizado em um acidente de transporte');
INSERT INTO cid VALUES('qVaxWSyHBzqoUe6EDhhRw','V84','Ocupante de um veículo especial a motor de uso essencialmente agrícola traumatizado em um acidente de transporte');
INSERT INTO cid VALUES('TK7ogbA6353WDt7Yg6hX5','V85','Ocupante de um veículo a motor especial de construções traumatizado em um acidente de transporte');
INSERT INTO cid VALUES('0flKcjCsNlZxSLZZrrfVX','V86','Ocupante de um veículo especial para qualquer terreno ou de outro veículo a motor projetado essencialmente para uso não em via pública, traumatizado e');
INSERT INTO cid VALUES('5EEg0mlRGHoM27sjAN1uV','V87','Acidente de trânsito de tipo especificado, mas sendo desconhecido o modo de transporte da vítima');
INSERT INTO cid VALUES('Zgxq_Te9Vxkb9LlI31rVu','V88','Acidente não-de-trânsito de tipo especificado, mas sendo desconhecido o modo de transporte da vítima');
INSERT INTO cid VALUES('EZncnW_LO-JU0iLdydnsI','V89','Acidente com um veículo a motor ou não-motorizado, tipo(s) de veículo(s) não especificado(s)');
INSERT INTO cid VALUES('76GrgCoAF0GcZpwlbAC0S','V90','Acidente com embarcação causando afogamento e submersão');
INSERT INTO cid VALUES('-qZjx5NRyH5zckJGiFk9F','V91','Acidente com embarcação causando outro tipo de traumatismo');
INSERT INTO cid VALUES('GDVoTw3qtshpiYPJ8_KEk','V92','Afogamento e submersão relacionados com transporte por água sem acidente com a embarcação');
INSERT INTO cid VALUES('FH90v0nWzHOXwS3uX28Hf','V93','Acidente a bordo de uma embarcação, sem acidente da embarcação e não causando afogamento ou submersão');
INSERT INTO cid VALUES('0gHtUKDg2WCWRbm6HExzr','V94','Outros acidentes de transporte por água e os não especificados');
INSERT INTO cid VALUES('Xhw0OGLWTDCV--Th3a47e','V95','Acidente de aeronave a motor causando traumatismo ao ocupante');
INSERT INTO cid VALUES('TmCIg6f2fVM6Emb8Z2F1P','V96','Acidente de uma aeronave sem motor causando traumatismo a ocupante');
INSERT INTO cid VALUES('VY1utFE7cDQcMw5rrDAeM','V97','Outros acidentes especificados de transporte aéreo');
INSERT INTO cid VALUES('MenOmPWMJbmhkVWNjwCnf','V98','Outros acidentes de transporte especificados');
INSERT INTO cid VALUES('ylg0nIVpX-YEEZnkESa3n','V99','Acidente de transporte não especificado');
INSERT INTO cid VALUES('xwLeVRl9zTezTe6RUH-hL','W00','Queda no mesmo nível envolvendo gelo e neve');
INSERT INTO cid VALUES('cVkSi78XE9eWKc-d-PHZE','W01','Queda no mesmo nível por escorregão, tropeção ou passos em falsos [traspés]');
INSERT INTO cid VALUES('15_HIjwJnYyUlEwXoj5Nj','W02','Queda envolvendo patins de rodas ou para gelo, esqui ou pranchas de rodas');
INSERT INTO cid VALUES('Xb3aStAHNqbkh3VSiz0gJ','W03','Outras quedas no mesmo nível por colisão com ou empurrão por outra pessoa');
INSERT INTO cid VALUES('1z8lJHlFItqErx2QHjwT1','W04','Queda, enquanto estava sendo carregado ou apoiado por outra(s) pessoa(s)');
INSERT INTO cid VALUES('cY7MEZMJc_DkS49TsPFPV','W05','Queda envolvendo uma cadeira de rodas');
INSERT INTO cid VALUES('lFfqKrgscFYx5Pwuo2E6X','W06','Queda de um leito');
INSERT INTO cid VALUES('o23HfKFsULmMytPSv0M5U','W07','Queda de uma cadeira');
INSERT INTO cid VALUES('XPSIUUpNtrHW03-ChesWN','W08','Queda de outro tipo de mobília');
INSERT INTO cid VALUES('3Y-5veMmKiihCVrIGA8ZV','W09','Queda envolvendo equipamento de "playground"');
INSERT INTO cid VALUES('Mj7Vg6girtwLLOj2rIJ1B','W10','Queda em ou de escadas ou degraus');
INSERT INTO cid VALUES('7ypyvo4u6FZKpQib8l3RF','W11','Queda em ou de escadas de mão');
INSERT INTO cid VALUES('mp396YDmvb1dYg-H_6iUd','W12','Queda em ou de um andaime');
INSERT INTO cid VALUES('yHXgLMkGOFZNf0uhCURbC','W13','Queda de ou para fora de edifícios ou outras estruturas');
INSERT INTO cid VALUES('5mp77UFjEEygCtUXdmEIR','W14','Queda de árvore');
INSERT INTO cid VALUES('ne1_hY8X-SQxdX7ZHq8ip','W15','Queda de penhasco');
INSERT INTO cid VALUES('Fwh7MjBSUYDGwPO4OyFfV','W16','Mergulho ou pulo na água causando outro traumatismo que não afogamento ou submersão');
INSERT INTO cid VALUES('89M2bRfMqzPqPpwpa8VMe','W17','Outras quedas de um nível a outro');
INSERT INTO cid VALUES('qqP1wg0ASE14rwTXnpiRO','W18','Outras quedas no mesmo nível');
INSERT INTO cid VALUES('D9Y6UON9sBfeChnSOQKDW','W19','Queda sem especificação');
INSERT INTO cid VALUES('wL2EWYXO7n5slYvP_fPKs','W20','Impacto causado por objeto lançado, projetado ou em queda');
INSERT INTO cid VALUES('G0xBNDrG_jSXy_9w0Kbxq','W21','Impacto acidental ativo ou passivo causado por equipamento esportivo');
INSERT INTO cid VALUES('4eYghhW-xUXellgKpql0M','W22','Impacto acidental ativo ou passivo causado por outros objetos');
INSERT INTO cid VALUES('URD_AFpk8tsQx3haCXWut','W23','Apertado, colhido, comprimido ou esmagado dentro de ou entre objetos');
INSERT INTO cid VALUES('D1mp_3ytuvF3dJEqVOUfY','W24','Contato com elevadores e instrumentos de transmissão, não classificados em outra parte');
INSERT INTO cid VALUES('BIfCAOZwMUTIxPqraEWn-','W25','Contato com vidro cortante');
INSERT INTO cid VALUES('q92YCqc3zqqwXSM-LbAqD','W26','Contato com faca, espada e punhal');
INSERT INTO cid VALUES('pTWg7vEXPSylQi9znMfit','W27','Contato com ferramentas manuais sem motor');
INSERT INTO cid VALUES('-vlby8IleUt1Pn8GjXN6N','W28','Contato com segadeira motorizada para cortar ou aparar a grama');
INSERT INTO cid VALUES('x10cw9_tm1epBlUuDzGfs','W29','Contato com outros utensílios manuais e aparelhos domésticos equipados com motor');
INSERT INTO cid VALUES('f_kXdz1cwG2tbWjBizd0s','W30','Contato com maquinaria agrícola');
INSERT INTO cid VALUES('Yuzr0ymBhp26O3Sq9PW1x','W31','Contato com outras máquinas e com as não especificadas');
INSERT INTO cid VALUES('Hek7FT0nGheELvsHNx48V','W32','Projétil de revólver');
INSERT INTO cid VALUES('mJX4uompEBm9_fCQX83Y-','W33','Rifle, espingarda e armas de fogo de maior tamanho');
INSERT INTO cid VALUES('Q7ptJ60iyyOsa2oNLC-Fv','W34','Projéteis de outras armas de fogo e das não especificadas');
INSERT INTO cid VALUES('U8sq2CXxcq-jbNch2fcGK','W35','Explosão ou ruptura de caldeira');
INSERT INTO cid VALUES('DttMqC_a5BpAm2le8zuSL','W36','Explosão ou ruptura de cilindro de gás');
INSERT INTO cid VALUES('Y0i0k8VHwxsZ6AYowZ-Cf','W37','Explosão ou ruptura de pneumático, tubulação ou mangueira, pressurizados');
INSERT INTO cid VALUES('WcSmBpgGOu_k_ZbxWlGRO','W38','Explosão ou ruptura de outros aparelhos pressurizados especificados');
INSERT INTO cid VALUES('XUt5yAGUjq7CGLbFVt7dr','W39','Queima de fogos de artifício');
INSERT INTO cid VALUES('GW_wCtdtT_wUzDUltW0NJ','W40','Explosão de outros materiais');
INSERT INTO cid VALUES('gfiigL2Yy3FQ_KXXkBtUr','W41','Exposição a um jato de alta pressão');
INSERT INTO cid VALUES('ccJrhu19T003S7ZfrnOxD','W42','Exposição ao ruído');
INSERT INTO cid VALUES('Qyd1J2LRG53skOpu4mh65','W43','Exposição à vibração');
INSERT INTO cid VALUES('EUm6AnHGhk1wCt7Ah6-jg','W44','Penetração de corpo estranho no ou através de olho ou orifício natural');
INSERT INTO cid VALUES('3cnU0zT4EJQwPsrgJPHFa','W45','Penetração de corpo ou objeto estranho através da pele');
INSERT INTO cid VALUES('G_RMgeSmrb4VNRJfP1w-m','W46','Contato com agulha hipodérmica');
INSERT INTO cid VALUES('FjXn0ZGc57wXUKS-HTT1d','W49','Exposição a outras forças mecânicas inanimadas e às não especificadas');
INSERT INTO cid VALUES('WZ4EbfJgNAp5uG3NpY3K4','W50','Golpe, pancada, pontapé, mordedura ou escoriação infligidos por outra pessoa');
INSERT INTO cid VALUES('OAQztfs3bRZNOjyqDez7I','W51','Colisão entre duas pessoas');
INSERT INTO cid VALUES('6R2NOkzjXC6YOpgglDTdR','W52','Esmagado, empurrado ou pisoteado por multidão ou debandada em massa de pessoas');
INSERT INTO cid VALUES('IcnZIPEB9R9b6hWJ3EfcP','W53','Mordedura de rato');
INSERT INTO cid VALUES('AjNRZkZdle7aiihbhMSKj','W54','Mordedura ou golpe provocado por cão');
INSERT INTO cid VALUES('TvdTBPBxvExmtpWxcrkMl','W55','Mordedura ou golpe provocado por outros animais mamíferos');
INSERT INTO cid VALUES('TMowDxLQYYSuj-Vyh0NiD','W56','Contato com animais marinhos');
INSERT INTO cid VALUES('bLNVgUOXM_QJLOXuPf8HH','W57','Mordeduras e picadas de inseto e de outros artrópodes, não-venenosos');
INSERT INTO cid VALUES('w54Hy-55xk9ajwrgkBoLZ','W58','Mordedura ou golpe provocado por crocodilo ou aligátor');
INSERT INTO cid VALUES('laSv5iV_hiv4GLvDB6cqt','W59','Mordedura ou esmagamento provocado por outros répteis');
INSERT INTO cid VALUES('QhSn_Hp0VDZIWq1SGNdxB','W60','Contato com espinhos de plantas ou com folhas aguçadas');
INSERT INTO cid VALUES('I6U_a1sI51sweOieZk6fS','W64','Exposição a outras forças mecânicas animadas e às não especificadas');
INSERT INTO cid VALUES('Kt130uHRMkQBmeyms1mla','W65','Afogamento e submersão durante banho em banheira');
INSERT INTO cid VALUES('3_tAJCO4G-H_Pgc9H9qQU','W66','Afogamento e submersão consecutiva a queda dentro de uma banheira');
INSERT INTO cid VALUES('HX8LA-begqlMlrrZSrEcX','W67','Afogamento e submersão em piscina');
INSERT INTO cid VALUES('nBG4l9jnh-3fvYHlZLbm1','W68','Afogamento e submersão conseqüente a queda dentro de uma piscina');
INSERT INTO cid VALUES('hzHJME9RS-z0KvmfhDMza','W69','Afogamento e submersão em águas naturais');
INSERT INTO cid VALUES('RkLN8YlvCqDUikIptMzwn','W70','Afogamento e submersão conseqüentes a queda dentro de águas naturais');
INSERT INTO cid VALUES('JSZ8p06bOpGhnVvMTRCMx','W73','Outros afogamentos e submersão especificados');
INSERT INTO cid VALUES('CXYLtBPuInswTnQUhf44P','W74','Afogamento e submersão não especificados');
INSERT INTO cid VALUES('E0GzrvD2jsDQa5NeSpyka','W75','Sufocação e estrangulamento acidental na cama');
INSERT INTO cid VALUES('OxpbgcNE9GPGTU65TFpDm','W76','Outro enforcamento e estrangulamento acidental');
INSERT INTO cid VALUES('9u29_W2nGlCY11nlk7WBa','W77','Risco a respiração devido a desmoronamento, queda de terra e de outras substâncias');
INSERT INTO cid VALUES('jUk01_bkdscRzizMZoAsZ','W78','Inalação do conteúdo gástrico');
INSERT INTO cid VALUES('ke9RAReymIYQceJCKBJkd','W79','Inalação e ingestão de alimentos causando obstrução do trato respiratório');
INSERT INTO cid VALUES('o2pwS3_2Rqe8XnRmz3pr2','W80','Inalação e ingestão de outros objetos causando obstrução do trato respiratório');
INSERT INTO cid VALUES('amXBqI-JKwFexh1BRuD28','W81','Con  nado ou aprisionado em um ambiente pobre em oxigênio');
INSERT INTO cid VALUES('qlcjIxoqfYy1iQ8p92Hoy','W83','Outros riscos especificados à respiração');
INSERT INTO cid VALUES('gUeIOdRAbXfPg3W2ZaFkN','W84','Riscos não especificados à respiração');
INSERT INTO cid VALUES('-0RyaXC7VvQeoqA5zDGu6','W85','Exposição a linhas de transmissão de corrente elétrica');
INSERT INTO cid VALUES('OEVpV_9qWmB_C64yetEMb','W86','Exposição a outra corrente elétrica especificada');
INSERT INTO cid VALUES('MTpZTGEHLyFLRpOQIHolS','W87','Exposição a corrente elétrica não especificada');
INSERT INTO cid VALUES('IHOXyRV6TMlqUjjDWhXnS','W88','Exposição a radiação ionizante');
INSERT INTO cid VALUES('5qOODdDqvYLDS628fmUAq','W89','Exposição a fontes luminosas artificiais visíveis ou à luz ultravioleta');
INSERT INTO cid VALUES('GPC3pIMPPWEcXSERRBTlB','W90','Exposição a outros tipos de radiação não-ionizante');
INSERT INTO cid VALUES('e7XVDgf6JpVoAZUwu0Vtv','W91','Exposição a tipo não especificado de radiação');
INSERT INTO cid VALUES('slge_WPZiwpzu_4-PhbGI','W92','Exposição a um calor excessivo de origem artificial');
INSERT INTO cid VALUES('q6scJVUJNmzcox6oS0-32','W93','Exposição a um frio excessivo de origem artificial');
INSERT INTO cid VALUES('P5OjWF2dVhI-6GxtBeD1Y','W94','Exposição a alta, baixa e a variações da pressão atmosférica');
INSERT INTO cid VALUES('FnPcRjIraKaDTR5HDQNZo','W99','Exposição a outros fatores ambientais artificiais e aos não especificados');
INSERT INTO cid VALUES('b4hfncKheEhAyjh_ZTwoH','X00','Exposição a fogo não-controlado em um edifício ou outro tipo de construção');
INSERT INTO cid VALUES('6SVAX11lY6_6ztUtXDZf9','X01','Exposição a fogo não-controlado fora de um edifício ou de outro tipo de construção');
INSERT INTO cid VALUES('2dPYJoox4_4XHLAWelh1G','X02','Exposição a fogo controlado em um edifício ou outro tipo de construção');
INSERT INTO cid VALUES('B1Qz2VFtJQ_fXWdhoT21z','X03','Exposição a fogo controlado fora de um edifício ou de outro tipo de construção');
INSERT INTO cid VALUES('BcD4ceY2Pn5AU98f5j7vH','X04','Exposição a combustão de substância muito inflamável');
INSERT INTO cid VALUES('ZyxE-3Epd57RpdRVY2SqL','X05','Exposição a combustão de roupa de dormir');
INSERT INTO cid VALUES('zVPAXStJrP5Ex5t91FRjx','X06','Exposição a combustão de outro tipo de roupa ou de acessórios');
INSERT INTO cid VALUES('59X19EF_8B7dPOQKqisqI','X08','Exposição a outro tipo especificado de fumaça, fogo ou chamas');
INSERT INTO cid VALUES('3Cc5nXESqOB5xGvZ8klDv','X09','Exposição a tipo não especificado de fumaça, fogo ou chamas');
INSERT INTO cid VALUES('zmcqFlHeFnv3VAnBnE-Dh','X10','Contato com bebidas, alimentos, gordura e óleo de cozinha quentes');
INSERT INTO cid VALUES('MS2dIX1D8mDq_wKn1jKlI','X11','Contato com água corrente quente de torneira');
INSERT INTO cid VALUES('2f9l7yBjn6nFmZo8o0DL8','X12','Contato com outros líquidos quentes');
INSERT INTO cid VALUES('-_nVHvhskcsaySzmduzDY','X13','Contato com vapor d´água e com vapores quentes');
INSERT INTO cid VALUES('kH6bVXfePxEMuZFzmw18J','X14','Contato com ar e gases quentes');
INSERT INTO cid VALUES('-0GtNajF6m0ygZ-auPuQc','X15','Contato com aparelhos domésticos quentes');
INSERT INTO cid VALUES('Klr1Ia_hVM4eb-mGTgSYK','X16','Contato com aquecedores, radiadores e tubulação');
INSERT INTO cid VALUES('6Uj6S98o60HszOWdb0Lj5','X17','Contato com motores, máquinas e ferramentas quentes');
INSERT INTO cid VALUES('G5OKRxYhOiQ0W0boAEXrn','X18','Contato com outros metais quentes');
INSERT INTO cid VALUES('wTuZbQSzkPneOZ2TKRItg','X19','Contato com outras fontes de calor ou com substâncias quentes não especificados');
INSERT INTO cid VALUES('QPoA5LPOH1omXwFsex5wP','X20','Contato com serpentes e lagartos venenosos');
INSERT INTO cid VALUES('Q6ZJD5VpJXlDvrzK3QPjq','X21','Contato com aranhas venenosas');
INSERT INTO cid VALUES('UaV2hBXZT8HpEWOcUnkUB','X22','Contato com escorpiões');
INSERT INTO cid VALUES('W5soNyAKQEeb8vsYPzdx9','X23','Contato com abelhas, vespas e vespões');
INSERT INTO cid VALUES('MjErCYKgb_f0AUNbefqOT','X24','Contato com centopéias e miriápodes venenosas (tropicais)');
INSERT INTO cid VALUES('0WGPXiYt-QSCPdhqMfjj_','X25','Contato com outros artrópodes venenosos');
INSERT INTO cid VALUES('YLWr8zAsRT_hob_nw-wZj','X26','Contato com animais e plantas marinhos venenosos');
INSERT INTO cid VALUES('Zl8UTRFgeW9_oDYEsMXFK','X27','Contato com outros animais venenosos especificados');
INSERT INTO cid VALUES('fcDjQVjD4Z_VENzXv-K56','X28','Contato com outras plantas venenosas especificadas');
INSERT INTO cid VALUES('181UicqDO2VFTf1J-geE6','X29','Contato com animais ou plantas venenosos, sem especificação');
INSERT INTO cid VALUES('qBbW5fc1J_1oKjGaAk4Gy','X30','Exposição a calor natural excessivo');
INSERT INTO cid VALUES('BhQWyiIw48REuXWWoeKsQ','X31','Exposição a frio natural excessivo');
INSERT INTO cid VALUES('4VIPRwFV4np63iPRHpGS5','X32','Exposição à luz solar');
INSERT INTO cid VALUES('LYXKfAMfh5h1xTEClo3Ay','X33','Vítima de raio');
INSERT INTO cid VALUES('xUrKna5DRl_8UXlt901Bk','X34','Vítima de terremoto');
INSERT INTO cid VALUES('SbUT9yBqhZ7ts-T_8i98C','X35','Vítima de erupção vulcânica');
INSERT INTO cid VALUES('6zXuN3wPZou_ZIHx-V1NX','X36','Vítima de avalanche, desabamento de terra e outros movimentos da superfície terrestre');
INSERT INTO cid VALUES('hH7sm-RXyBXIoIiP1QxKX','X37','Vítima de tempestade cataclísmica');
INSERT INTO cid VALUES('qCfioJMVN3YmlLaf4DalD','X38','Vítima de inundação');
INSERT INTO cid VALUES('2PqVSG9ooe4AF6XEDvYnw','X39','Exposição a outras forças da natureza e às não especificadas');
INSERT INTO cid VALUES('ck2HbwCIQX3rVreipVb3O','X40','Envenenamento [intoxicação] acidental por e exposição a analgésicos, antipiréticos e anti-reumáticos, não-opiáceos');
INSERT INTO cid VALUES('LLF9jRmGg2qWJA8ceP-CD','X41','Envenenamento [intoxicação] acidental por e exposição a anticonvulsivantes [antiepilépticos], sedativos, hipnóticos, antiparkinsonianos e psicotrópico');
INSERT INTO cid VALUES('gdcC3Kzqn_aXikuSIHN1h','X42','Envenenamento [intoxicação] acidental por e exposição a narcóticos e psicodislépticos [alucinógenos] não classificados em outra parte');
INSERT INTO cid VALUES('JVh1O4eJh89FX05v5_Ga5','X43','Envenenamento [intoxicação] acidental por e exposição a outras substâncias farmacológicas de ação sobre o sistema nervoso autônomo');
INSERT INTO cid VALUES('G9231qQegsuBZ8d72LizJ','X44','Envenenamento [intoxicação] acidental por e exposição a outras drogas, medicamentos e substâncias biológicas não especificadas');
INSERT INTO cid VALUES('uh-uzznqCHn7tPULyVo0_','X45','Envenenamento [intoxicação] acidental por e exposição ao álcool');
INSERT INTO cid VALUES('aT7j9qJG7BQc6VricOgEl','X46','Envenenamento [intoxicação] acidental por e exposição a solventes orgânicos e hidrocarbonetos halogenados e seus vapores');
INSERT INTO cid VALUES('wHSMPYtGK8e_5Kdr8MzDi','X47','Intoxicação acidental por e exposição a outros gases e vapores');
INSERT INTO cid VALUES('QubF2ZQ9qFkUKTytXa6Oa','X48','Envenenamento [intoxicação] acidental por e exposição a pesticidas');
INSERT INTO cid VALUES('qYVXxxga72NEUowLnr_ED','X49','Envenenamento [intoxicação] acidental por e exposição a outras substâncias químicas nocivas e às não especificadas');
INSERT INTO cid VALUES('RMECOjmamjYAbdGbxQcnH','X50','Excesso de exercícios e movimentos vigorosos ou repetitivos');
INSERT INTO cid VALUES('R2N9r9sDOJMtIw4H4yk1X','X51','Viagem e movimento');
INSERT INTO cid VALUES('Ju0O_pTn7126EUD41TxnC','X52','Estadia prolongada em ambiente agravitacional');
INSERT INTO cid VALUES('x7M1AFpRTbkhLjCw8Mr8g','X53','Falta de alimento');
INSERT INTO cid VALUES('dFd5uXCKR_7L9FIcuA2Mn','X54','Falta de água');
INSERT INTO cid VALUES('Gzyo62ZglOl5V6cJULodu','X57','Privação não especificada');
INSERT INTO cid VALUES('AMJSaBUGeg7mP4lHj2AQx','X58','Exposição a outros fatores especificados');
INSERT INTO cid VALUES('glcmAkO6Y-U4Hdnp5ZPIe','X59','Exposição a fatores não especificados');
INSERT INTO cid VALUES('DpAQIA40dE794Xc64_5cK','X60','Auto-intoxicação por e exposição, intencional, a analgésicos, antipiréticos e anti-reumáticos, não-opiáceos');
INSERT INTO cid VALUES('slohcM1IL6BFOq8ZjvT63','X61','Auto-intoxicação por e exposição, intencional, a drogas anticonvulsivantes [antiepilépticos] sedativos, hipnóticos, antiparkinsonianos e psicotrópicos');
INSERT INTO cid VALUES('6Gh0ftRHjnF-dx0eq-s4p','X62','Auto-intoxicação por e exposição, intencional, a narcóticos e psicodislépticos [alucinógenos] não classificados em outra parte');
INSERT INTO cid VALUES('nnAkKD8zBJv2uI6w3yJ3G','X63','Auto-intoxicação por e exposição, intencional, a outras substâncias farmacológicas de ação sobre o sistema nervoso autônomo');
INSERT INTO cid VALUES('ucp7QaPd4177r_w9VlKD7','X64','Auto-intoxicação por e exposição, intencional, a outras drogas, medicamentos e substâncias biológicas e às não especificadas');
INSERT INTO cid VALUES('kAijriqRG34gMnNonng1B','X65','Auto-intoxicação voluntária por álcool');
INSERT INTO cid VALUES('ifJEMu4ctquO5JOLoLUp_','X66','Auto-intoxicação intencional por solventes orgânicos, hidrocarbonetos halogenados e seus vapores');
INSERT INTO cid VALUES('X81ZnawD90yt98CMBB7kn','X67','Auto-intoxicação intencional por outros gases e vapores');
INSERT INTO cid VALUES('LhhG3Gjgv1aNr9x9MWhbb','X68','Auto-intoxicação por e exposição, intencional, a pesticidas');
INSERT INTO cid VALUES('wNmRvke4yrEJOT_Of9Zd2','X69','Auto-intoxicação por e exposição, intencional, a outros produtos químicos e substâncias nocivas não especificadas');
INSERT INTO cid VALUES('IrPDg9QLBVTzG1WsOfDJq','X70','Lesão autoprovocada intencionalmente por enforcamento, estrangulamento e sufocação');
INSERT INTO cid VALUES('fV7chOtZd-Ched2N1zEsy','X71','Lesão autoprovocada intencionalmente por afogamento e submersão');
INSERT INTO cid VALUES('cbxKqKtbBcR_jIf2ztuZ_','X72','Lesão autoprovocada intencionalmente por disparo de arma de fogo de mão');
INSERT INTO cid VALUES('yht-jVna_ubBoG4JItkgd','X73','Lesão autoprovocada intencionalmente por disparo de espingarda, carabina, ou arma de fogo de maior calibre');
INSERT INTO cid VALUES('b4ty3ZVMBOu5gHkl6IzoL','X74','Lesão autoprovocada intencionalmente por disparo de outra arma de fogo e de arma de fogo não especificada');
INSERT INTO cid VALUES('QSBB71jqb-ypZePmfNgA9','X75','Lesão autoprovocada intencionalmente por dispositivos explosivos');
INSERT INTO cid VALUES('n34ZFzbP8-ageIrouck9u','X76','Lesão autoprovocada intencionalmente pela fumaça, pelo fogo e por chamas');
INSERT INTO cid VALUES('D_G8tlPxf1PjE3ZYvJxDN','X77','Lesão autoprovocada intencionalmente por vapor de água, gases ou objetos quentes');
INSERT INTO cid VALUES('hRFBu4GwvpjBaF8ONx52C','X78','Lesão autoprovocada intencionalmente por objeto cortante ou penetrante');
INSERT INTO cid VALUES('o4KFQ7HOjgAZF1yHgzNPk','X79','Lesão autoprovocada intencionalmente por objeto contundente');
INSERT INTO cid VALUES('hZX4kYrk-MFWVXYXMSmHJ','X80','Lesão autoprovocada intencionalmente por precipitação de um lugar elevado');
INSERT INTO cid VALUES('eq4Dha9xYItCpv1msSnb2','X81','Lesão autoprovocada intencionalmente por precipitação ou permanência diante de um objeto em movimento');
INSERT INTO cid VALUES('0ewyXQtq4h3apDkSSbl-H','X82','Lesão autoprovocada intencionalmente por impacto de um veículo a motor');
INSERT INTO cid VALUES('nK9-6x0Jgt4r_yxJuuO6b','X83','Lesão autoprovocada intencionalmente por outros meios especificados');
INSERT INTO cid VALUES('MUnnXUjE9YyjLdxLrKicg','X84','Lesão autoprovocada intencionalmente por meios não especificados');
INSERT INTO cid VALUES('DcJ21eYASqaJXPZbYOWRq','X85','Agressão por meio de drogas, medicamentos e substâncias biológicas');
INSERT INTO cid VALUES('a3UqhuBODjbsvO_JL9elB','X86','Agressão por meio de substâncias corrosivas');
INSERT INTO cid VALUES('UOu6bEhtWcfByzSXCJdeh','X87','Agressão por pesticidas');
INSERT INTO cid VALUES('eK6xCRyIRU-DqaxZzjmq5','X88','Agressão por meio de gases e vapores');
INSERT INTO cid VALUES('M0SjaHkI6ysRhf5jId0Ox','X89','Agressão por meio de outros produtos químicos e substâncias nocivas especificados');
INSERT INTO cid VALUES('Ddx6zThNRfMeMKN3wrDwQ','X90','Agressão por meio de produtos químicos e substâncias nocivas não especificados');
INSERT INTO cid VALUES('E5ye__Iqw95PMc4YFUdKx','X91','Agressão por meio de enforcamento, estrangulamento e sufocação');
INSERT INTO cid VALUES('D99X-ylGcjQAoAFXg2ehq','X92','Agressão por meio de afogamento e submersão');
INSERT INTO cid VALUES('ATLk3JNkx3Tds9dFHU-1H','X93','Agressão por meio de disparo de arma de fogo de mão');
INSERT INTO cid VALUES('2rnHjL2_86av-lQhsTyZV','X94','Agressão por meio de disparo de espingarda, carabina ou arma de fogo de maior calibre');
INSERT INTO cid VALUES('NCfEIYo-3cn9QfJ-01yMs','X95','Agressão por meio de disparo de outra arma de fogo ou de arma não especificada');
INSERT INTO cid VALUES('uZ7j2O-d_cZAvezAb3JDf','X96','Agressão por meio de material explosivo');
INSERT INTO cid VALUES('jmNWTTgJkplbrQyMGCpI9','X97','Agressão por meio de fumaça, fogo e chamas');
INSERT INTO cid VALUES('sUrTmxdUsBVECKLLDQFzA','X98','Agressão por meio de vapor de água, gases ou objetos quentes');
INSERT INTO cid VALUES('B_UF0NRjUYyHDquOOIMad','X99','Agressão por meio de objeto cortante ou penetrante');
INSERT INTO cid VALUES('ewpBM6wxteQREYCF-5M4V','Y00','Agressão por meio de um objeto contundente');
INSERT INTO cid VALUES('C_B9XYqKCSkbFxoJW3BQR','Y01','Agressão por meio de projeção de um lugar elevado');
INSERT INTO cid VALUES('kkhDuk5csD3ctYji4b-vE','Y02','Agressão por meio de projeção ou colocação da vítima diante de um objeto em movimento');
INSERT INTO cid VALUES('DFd56b1CND8USeNRlQgA4','Y03','Agressão por meio de impacto de um veículo a motor');
INSERT INTO cid VALUES('8HujNb6z-_Dw1fB6sl9Zk','Y04','Agressão por meio de força corporal');
INSERT INTO cid VALUES('79V_koRBQRzxr6-1mBq-j','Y05','Agressão sexual por meio de força física');
INSERT INTO cid VALUES('Tdn4qlC5lCNtUlzY6FBFn','Y06','Negligência e abandono');
INSERT INTO cid VALUES('YMFZnfPGxGTUz62fZecmn','Y07','Outras síndromes de maus tratos');
INSERT INTO cid VALUES('QGgjSbiV9UPqTisY1pxV-','Y08','Agressão por outros meios especificados');
INSERT INTO cid VALUES('yBVm2lJVuDIQMDmSVUyNA','Y09','Agressão por meios não especificados');
INSERT INTO cid VALUES('ogb8BQBVp7sSIt8UfR-hp','Y10','Envenenamento [intoxicação] por e exposição a analgésicos, antipiréticos e anti-reumáticos não-opiáceos, intenção não determinada');
INSERT INTO cid VALUES('v2fSG-EmtMHJU_-LQhyJw','Y11','Envenenamento [intoxicação] por e exposição a anticonvulsivantes [antiepilépticos], sedativos, hipnóticos, antiparkinsonianos e psicotrópicos não clas');
INSERT INTO cid VALUES('02JZybndAI3ScKU5g2PST','Y12','Envenenamento [intoxicação] por e exposição a narcóticos e a psicodislépticos [alucinógenos] não classificados em outra parte, intenção não determina');
INSERT INTO cid VALUES('5PXizk4VYyDlfzaQ_K6G1','Y13','Envenenamento [intoxicação] por e exposição a outras substâncias farmacológicas de ação sobre o sistema nervoso autônomo, intenção não determinada');
INSERT INTO cid VALUES('uUewS7T2qzch2Ma8dBw2A','Y14','Envenenamento [intoxicação] por e exposição a outras drogas, medicamentos e substâncias biológicas e as não especi  cadas, intenção não determinada');
INSERT INTO cid VALUES('9zv4zHgwEP22BV3YSQEqe','Y15','Envenenamento [intoxicação] por e exposição ao álcool, intenção não determinada');
INSERT INTO cid VALUES('qCX5JcuIhhMS1FfZ8GSi-','Y16','Envenenamento [intoxicação] por e exposição a solventes orgânicos e hidrocarbonetos halogenados e seus vapores, intenção não determinada');
INSERT INTO cid VALUES('oFoNilmyXmF-uL-pAbZIC','Y17','Envenenamento [intoxicação] por e exposição a outros gases e vapores, intenção não determinada');
INSERT INTO cid VALUES('NTsQQ0duI48E2j6Mavyso','Y18','Envenenamento [intoxicação] por e exposição a pesticidas, intenção não determinada');
INSERT INTO cid VALUES('aMc4CmQ_34WUQGgEWKFZn','Y19','Envenenamento [intoxicação] por e exposição a outros produtos químicos e substâncias nocivas e aos não especi  cados, intenção não determinada');
INSERT INTO cid VALUES('uZNgavtDSBMnQWj3NN1lX','Y20','Enforcamento, estrangulamento e sufocação, intenção não determinada');
INSERT INTO cid VALUES('Qk3_6KQ_C97TqibLZGVez','Y21','Afogamento e submersão, intenção não determinada');
INSERT INTO cid VALUES('zHAx8LfAAm0H38MPHew7h','Y22','Disparo de pistola, intenção não determinada');
INSERT INTO cid VALUES('kM2UvflVf8zY0GSkBh-mw','Y23','Disparo de fuzil, carabina e arma de fogo de maior calibre, intenção não determinada');
INSERT INTO cid VALUES('QgL90ios8PpxFTsae3oEL','Y24','Disparo de outra arma de fogo e de arma de fogo não especificada, intenção não determinada');
INSERT INTO cid VALUES('sShkjZVGA9dK5TTt8UDR7','Y25','Contato com material explosivo, intenção não determinada');
INSERT INTO cid VALUES('-AwafoEou8YU9FiD1t6wN','Y26','Exposição a fumaça, fogo e chamas, intenção não determinada');
INSERT INTO cid VALUES('KIlKAmRWKxoVLrgnimG2D','Y27','Exposição a vapor de água, gases ou objetos quentes, intenção não determinada');
INSERT INTO cid VALUES('tYo_j4WTmzL-fZGTGI6x9','Y28','Contato com objeto cortante ou penetrante, intenção não determinada');
INSERT INTO cid VALUES('N17t5L31B5vMZfATxI68i','Y29','Contato com objeto contundente, intenção não determinada');
INSERT INTO cid VALUES('ftVI5jq4_ngPb5vzh5Vq4','Y30','Queda, salto ou empurrado de um lugar elevado, intenção não determinada');
INSERT INTO cid VALUES('twmxceg6b5x1pFWHL1iKk','Y31','Queda, permanência ou corrida diante de um objeto em movimento, intenção não determinada');
INSERT INTO cid VALUES('NWH6kHBaalqRr0vGJ0BXc','Y32','Impacto de um veículo a motor, intenção não determinada');
INSERT INTO cid VALUES('KFMkA5ri5fiLC27lLFG1j','Y33','Outros fatos ou eventos especificados, intenção não determinada');
INSERT INTO cid VALUES('dgIXc3fTzp8yLDYaqLrG3','Y34','Fatos ou eventos não especificados e intenção não determinada');
INSERT INTO cid VALUES('mJOxC-ifLtVNjoM2ANEeA','Y35','Intervenção legal');
INSERT INTO cid VALUES('waf_qkswbdZlyQKS0VmYi','Y36','Operações de guerra');
INSERT INTO cid VALUES('x7wYAgF2lOlqV4rOI4FLr','Y40','Efeitos adversos de antibióticos sistêmicos');
INSERT INTO cid VALUES('7AiltNUb_rmRdTM8YTm3A','Y41','Efeitos adversos de outros antiinfecciosos e antiparasitários sistêmicos');
INSERT INTO cid VALUES('gVnBaN4GJoWnKIyJHV1w6','Y42','Efeitos adversos de hormônios e seus substitutos sintéticos e antagonistas, não classificados em outra parte');
INSERT INTO cid VALUES('cvqNPyPSkT5AMVYyCe88x','Y43','Efeitos adversos de substâncias de ação primariamente sistêmica');
INSERT INTO cid VALUES('B7fPQyKA7shePsVn8rR0x','Y44','Efeitos adversos de substâncias farmacológicas que atuam primariamente sobre os constituintes do sangue');
INSERT INTO cid VALUES('cLJri_oSGOe2nqGac1rCH','Y45','Efeitos adversos de substâncias analgésicas, antipiréticas e antiinflamatórias');
INSERT INTO cid VALUES('G64V6oqrO7hjBRnFkd8g-','Y46','Efeitos adversos de drogas anticonvulsivantes (antiepilépticas) e antiparkinsonianas');
INSERT INTO cid VALUES('J4CcqErhl5RpvtlzrgrX0','Y47','Efeitos adversos de sedativos, hipnóticos e tranquilizantes [ansiolíticos]');
INSERT INTO cid VALUES('_YRVSkYv5rjEzGnoUyezh','Y48','Efeitos adversos de anestésicos e gases terapêuticos');
INSERT INTO cid VALUES('bHfKKMGTxlIYxVtQKbbIJ','Y49','Efeitos adversos de substâncias psicotrópicas, não classificadas em outra parte');
INSERT INTO cid VALUES('rVa83Vs-5nEimRlKdOSk0','Y50','Efeitos adversos de estimulantes do sistema nervoso central, não classificados em outra parte');
INSERT INTO cid VALUES('z7EMZ5IwRi2lNOSsMN_kQ','Y51','Efeitos adversos de drogas que atuam primariamente sobre o sistema nervoso autônomo');
INSERT INTO cid VALUES('Psok-2-fk7SGYo2qzPLhC','Y52','Efeitos adversos de substâncias que atuam primariamente sobre o aparelho cardiovascular');
INSERT INTO cid VALUES('SCN58E1f4rlVrkyfrCErL','Y53','Efeitos adversos de substâncias que atuam primariamente sobre o aparelho gastrointestinal');
INSERT INTO cid VALUES('0u3C4_g3yE6eLeopWSwtm','Y54','Efeitos adversos de substâncias que atuam primariamente sobre o metabolismo da água, dos sais minerais e do ácido úrico');
INSERT INTO cid VALUES('97t5T54Z-FBwIUtV81JCW','Y55','Efeitos adversos de substâncias que atuam primariamente sobre os músculos lisos e esqueléticos e sobre o aparelho respiratório');
INSERT INTO cid VALUES('bLuf_cTuw2djHjdFCQmwB','Y56','Efeitos adversos de substâncias de uso tópico que atuam primariamente sobre a pele e as membranas mucosas e drogas de uso oftalmológico, otorrinolarin');
INSERT INTO cid VALUES('MaB6GAZKBFO7YcpzGH0v7','Y57','Efeitos adversos de outras drogas e medicamentos e as não especificadas');
INSERT INTO cid VALUES('dsptrou2moqlf3DKpEVNM','Y58','Efeitos adversos de vacinas bacterianas');
INSERT INTO cid VALUES('iAsjhrV38GmN60NJMUV31','Y59','Efeitos adversos de outras vacinas e substâncias biológicas e as não especificadas');
INSERT INTO cid VALUES('UOaXYNKclLt0egOuRP90a','Y60','Corte, punção, perfuração ou hemorragia acidentais durante a prestação de cuidados médicos ou cirúrgicos');
INSERT INTO cid VALUES('betYEN7c588Gx4zfF3WwY','Y61','Objeto estranho deixado acidentalmente no corpo durante a prestação de cuidados cirúrgicos e médicos');
INSERT INTO cid VALUES('yFl39vpKankQB19_jJ4JY','Y62','Assepsia insu  ciente durante a prestação de cuidados cirúrgicos e médicos');
INSERT INTO cid VALUES('pQABZmcJIwC2Wh74ZL7O6','Y63','Erros de dosagem durante a prestação de cuidados médicos e cirúrgicos');
INSERT INTO cid VALUES('RF-xLlmxiqHEtlmWK3Sly','Y64','Medicamentos ou substâncias biológicas contaminados');
INSERT INTO cid VALUES('8ClBi1ewePsKEbQvirCzJ','Y65','Outros acidentes durante a prestação de cuidados médicos e cirúrgicos');
INSERT INTO cid VALUES('0fbn6Rr2qruMaO_flINBw','Y66','Não administração de cuidado médico e cirúrgico');
INSERT INTO cid VALUES('F7w9fp5i_EVS1DA0f89zZ','Y69','Acidente não especi  cado durante a prestação de cuidado médico e cirúrgico');
INSERT INTO cid VALUES('U4Tqs40X5Z3Kw-2dnSn3q','Y70','Dispositivos (aparelhos) de anestesiologia, associados a incidentes adversos');
INSERT INTO cid VALUES('8re0OU_s_kN0VhrUkwTKX','Y71','Dispositivos (aparelhos) cardiovasculares, associados a incidentes adversos');
INSERT INTO cid VALUES('syUrqabeQwdl-XTsncr7r','Y72','Dispositivos (aparelhos) utilizados em otorrinolaringologia, associados a incidentes adversos');
INSERT INTO cid VALUES('k3dD_bCggcvmiFv03IH0m','Y73','Dispositivos (aparelhos) usados em gastroenterologia e em urologia, associados a incidentes adversos');
INSERT INTO cid VALUES('y9pnWR5_XiszlUyt-ANiU','Y74','Dispositivos (aparelhos) gerais de uso hospitalar ou pessoal, associados a incidentes adversos');
INSERT INTO cid VALUES('ZCurDedKUbL6E2ozuOcVd','Y75','Dispositivos (aparelhos) utilizados em neurologia, associados a incidentes adversos');
INSERT INTO cid VALUES('Jhf1SPvYFGG7sxlvFwVTx','Y76','Dispositivos (aparelhos) utilizados em obstetrícia e em ginecologia, associados a incidentes adversos');
INSERT INTO cid VALUES('UMBSmHB4NRWDw5GTDvaVk','Y77','Dispositivos (aparelhos) utilizados em oftalmologia, associados a incidentes adversos');
INSERT INTO cid VALUES('uk5BPUZlZkPFvhE8B9Jqs','Y78','Dispositivos (aparelhos) utilizados em radiologia, associados a incidentes adversos');
INSERT INTO cid VALUES('3HTzYkh2CjLxQdP_prlmr','Y79','Dispositivos (aparelhos) ortopédicos, associado a incidentes adversos');
INSERT INTO cid VALUES('u2LBt7A81YnoBAPHJGLOs','Y80','Dispositivos (aparelhos) utilizados em medicina física (fisiatria), associado a incidentes adversos');
INSERT INTO cid VALUES('wdhvDK_s4usIPps7R6U-W','Y81','Dispositivos (aparelhos) utilizados em cirurgia geral ou cirurgia plástica, associados a incidente adversos');
INSERT INTO cid VALUES('fdpU55ra7pNXS05zCrjqB','Y82','Outros dispositivos (aparelhos) associados a incidentes adversos e os não especificados');
INSERT INTO cid VALUES('CfQi9JC-EBtegHB3bcGdT','Y83','Reação anormal em paciente ou complicação tardia, causadas por intervenção cirúrgica e por outros atos cirúrgicos, sem menção de acidente durante a in');
INSERT INTO cid VALUES('AONSl0ykxNSRCBM9DNwJF','Y84','Reação anormal em paciente ou complicação tardia, causadas por outros procedimentos médicos, sem menção de acidente durante o procedimento');
INSERT INTO cid VALUES('6JrRzGw4vhOqxIcjeU5f7','Y85','Seqüelas de acidentes de transporte');
INSERT INTO cid VALUES('WIx5gpTqxq3G35tHDQghL','Y86','Seqüelas de outros acidentes');
INSERT INTO cid VALUES('9mbmqKjxElq13exGaYTHw','Y87','Seqüelas de uma lesão autoprovocada intencionalmente, de agressão ou de um fato cuja intenção é indeterminada');
INSERT INTO cid VALUES('B0pTFckAQ4SYpFVqCUklP','Y88','Seqüelas de cuidado médico ou cirúrgico considerados como uma causa externa');
INSERT INTO cid VALUES('I45vN8JKk_Y7uj1fFAxVZ','Y89','Seqüelas de outras causas externas');
INSERT INTO cid VALUES('maWRVS3wZE4jKLwz2Ceu0','Y90','Evidência de alcoolismo determinada por taxas de alcoolemia');
INSERT INTO cid VALUES('yyOz7pN7vIdnoy0RkMDCH','Y91','Evidência de alcoolismo determinada pelo nível da intoxicação');
INSERT INTO cid VALUES('ynD_B1T1MMdcqlCh82du3','Y95','Circunstância relativa as condições nosocomiais (hospitalares)');
INSERT INTO cid VALUES('mLd0h6_gHAUtKrLRSJxox','Y96','Circunstância relativa às condições de trabalho');
INSERT INTO cid VALUES('uzD9YFAL8foEq4hiTx7sg','Y97','Circunstâncias relativas a condições de poluição ambiental');
INSERT INTO cid VALUES('V62sSQ_mSFMf-ZeXkRDe3','Y98','Circunstâncias relativas a condições do modo de vida');
INSERT INTO cid VALUES('_UXli4EQhPY1U2mkb8ZQW','Z00','Exame geral e investigação de pessoas sem queixas ou diagnóstico relatado');
INSERT INTO cid VALUES('r8XurpFoCpuqW0UEbgCsQ','Z01','Outros exames e investigações especiais de pessoas sem queixa ou diagnóstico relatado');
INSERT INTO cid VALUES('d1a1mpwxI5BtjiuINWA9d','Z02','Exame médico e consulta com finalidades administrativas');
INSERT INTO cid VALUES('qrDPqk2MFd-7wGSW-RWGC','Z03','Observação e avaliação médica por doenças e afecções suspeitas');
INSERT INTO cid VALUES('xAyXkE1ggspoV6oNtgfu3','Z04','Exame e observação por outras razões');
INSERT INTO cid VALUES('j6J0g6dXDpwqsdocnkkW3','Z08','Exame de seguimento após tratamento por neoplasia maligna');
INSERT INTO cid VALUES('aHa54I65CvdHl6J-SeZYP','Z09','Exame de seguimento após tratamento de outras afecções que não neoplasias malignas');
INSERT INTO cid VALUES('KgFEncMMULIeSfgT717At','Z10','Exame geral de rotina ("check up") de uma subpopulação definida');
INSERT INTO cid VALUES('07CdsKZ4NIbxScVq6ig1L','Z11','Exame especial de rastreamento ("screening") de doenças infecciosas e parasitárias');
INSERT INTO cid VALUES('FrsHW-F_ZiWrp9c4JTPt5','Z12','Exame especial de rastreamento ("screening") de neoplasias');
INSERT INTO cid VALUES('NyNOlkeBlj-LukqJcRtIq','Z13','Exame especial de rastreamento ("screening") de outros transtornos e doenças');
INSERT INTO cid VALUES('7_sxOWdrjKuktfB1uSwfL','Z20','Contato com e exposição a doenças transmissíveis');
INSERT INTO cid VALUES('At9-rHPJVxqAB6UDctbwC','Z21','Estado de infecção assintomática pelo vírus da imunode  ciência humana [HIV]');
INSERT INTO cid VALUES('dp_JWudFF4-1Y4vqNzNrC','Z22','Portador de doença infecciosa');
INSERT INTO cid VALUES('blExiCcJ2VycV04qDsNqN','Z23','Necessidade de imunização contra uma única doença bacteriana');
INSERT INTO cid VALUES('mOAf1_UC6UczS6M07pR-3','Z24','Necessidade de imunização contra algumas doenças virais únicas');
INSERT INTO cid VALUES('AmecJdBS306PLukzlkjIt','Z25','Necessidade de imunização contra outras doenças virais únicas');
INSERT INTO cid VALUES('jCKKjMllX3T1ZH9B3TXxl','Z26','Necessidade de imunização contra outras doenças infecciosas únicas');
INSERT INTO cid VALUES('XvTMhLn_5FwUzXHtf7rEG','Z27','Necessidade de imunização associada contra combinações de doenças infecciosas');
INSERT INTO cid VALUES('70jOnAVTQJ-XY7Z_ZtdwC','Z28','Imunização não realizada');
INSERT INTO cid VALUES('S65kkriT1aOnul48kMgw5','Z29','Necessidade de outras medidas profiláticas');
INSERT INTO cid VALUES('FdNhIsNn6U0mWOvt7K8XJ','Z30','Anticoncepção');
INSERT INTO cid VALUES('V_2rcj4FLrah5EaEF7WJZ','Z31','Medidas de procriação');
INSERT INTO cid VALUES('6uKCWmiE4wyEYOTkivAQi','Z32','Exame ou teste de gravidez');
INSERT INTO cid VALUES('GXMq8vNJDjGAV4uZQtpUO','Z33','Gravidez como achado casual');
INSERT INTO cid VALUES('RMsTM2Ngxr9adU-UOb6nM','Z34','Supervisão de gravidez normal');
INSERT INTO cid VALUES('wKrJgmJ41XUSaOiEJmjBb','Z35','Supervisão de gravidez de alto risco');
INSERT INTO cid VALUES('4OBUcFewfq67PKNj_wYgI','Z36','Rastreamento ("screening") pré-natal');
INSERT INTO cid VALUES('JdWxsZRCqTE7HsfFJC8BA','Z37','Resultado do parto');
INSERT INTO cid VALUES('KDacdFJu7S-33AfNCgQ8K','Z38','Nascidos vivos [nado-vivos] segundo o local de nascimento');
INSERT INTO cid VALUES('sgSQfha41tbwPUMniQ8qv','Z39','Assistência e exame pós-natal');
INSERT INTO cid VALUES('HRRoLsUxrEx3FKCbgVo1M','Z40','Cirurgia profilática');
INSERT INTO cid VALUES('PLFA1KQj1dkL-KpnYvBm4','Z41','Procedimentos para outros propósitos exceto cuidados de saúde');
INSERT INTO cid VALUES('p4jg857ZR-wADyUJcJYOZ','Z42','Seguimento envolvendo cirurgia plástica');
INSERT INTO cid VALUES('aYMDEtncAUpy-qRdSC2x5','Z43','Atenção a orifícios artificiais');
INSERT INTO cid VALUES('SGPhTkHVd21wVhVN3R2GZ','Z44','Colocação e ajustamento de aparelhos de prótese externa');
INSERT INTO cid VALUES('J87gQqfR_nn4KHvs0C8rp','Z45','Ajustamento e manuseio de dispositivo implantado');
INSERT INTO cid VALUES('6iyVd0RHg6lgJcjNI-eCe','Z46','Colocação e ajustamento de outros aparelhos');
INSERT INTO cid VALUES('BDPirpD-GqGsOjg8KXWIo','Z47','Outros cuidados de seguimento ortopédico');
INSERT INTO cid VALUES('V2wRvfXzIsA3urH1ynuvT','Z48','Outro seguimento cirúrgico');
INSERT INTO cid VALUES('GWHDnGbRxMNXvWhfn-3h2','Z49','Cuidados envolvendo diálise');
INSERT INTO cid VALUES('bsGWmB9q4LwnLVFbXacGz','Z50','Cuidados envolvendo o uso de procedimentos de reabilitação');
INSERT INTO cid VALUES('z8CsWJRZxPySKYYGku7BS','Z51','Outros cuidados médicos');
INSERT INTO cid VALUES('I7dQfSTvuDUYVTs5Pf0Fl','Z52','Doadores de órgãos e tecidos');
INSERT INTO cid VALUES('VAJJWPcMFl1iq2dvJy0bv','Z53','Pessoas em contato com serviços de saúde para procedimentos específicos não realizados');
INSERT INTO cid VALUES('SvV49OEb1Bvj3wCUojhnA','Z54','Convalescença');
INSERT INTO cid VALUES('ANl-4qS66YFVdYhP7WF7h','Z55','Problemas relacionados com a educação e com a alfabetização');
INSERT INTO cid VALUES('ghoGDTKfucsFqqsE6-vMd','Z56','Problemas relacionados com o emprego e com o desemprego');
INSERT INTO cid VALUES('3fXjYKeerdY4A7eJpSiQr','Z57','Exposição ocupacional a fatores de risco');
INSERT INTO cid VALUES('6H9fKpAhwpqWyCpiGzD9e','Z58','Problemas relacionados com o ambiente físico');
INSERT INTO cid VALUES('3DMvbF-s18tQbLcADtssH','Z59','Problemas relacionados com a habitação e com as condições econômicas');
INSERT INTO cid VALUES('L05sFywqFIE_luYqax_UB','Z60','Problemas relacionados com o meio social');
INSERT INTO cid VALUES('eFD6Z-rZOog94niN2FlUC','Z61','Problemas relacionados com eventos negativos de vida na infância');
INSERT INTO cid VALUES('VNHzzNB95dPINCz-PvGAz','Z62','Outros problemas relacionados com a educação da criança');
INSERT INTO cid VALUES('Ji90ivLsfkGHDoACm0f3y','Z63','Outros problemas relacionados com o grupo primário de apoio, inclusive com a situação familiar');
INSERT INTO cid VALUES('p1Hb8w6vWWwee7jNdmJrM','Z64','Problemas relacionados com algumas outras circunstâncias psicossociais');
INSERT INTO cid VALUES('-wIUbjP39Z73sCrbFbHjQ','Z65','Problemas relacionados com outras circunstâncias psicossociais');
INSERT INTO cid VALUES('Dt8AcQbdy9dEsWS8gVZDS','Z70','Aconselhamento relativo às atitudes, comportamento e orientação em matéria de sexualidade');
INSERT INTO cid VALUES('GzTX0w0bQ5gobN1LCFZWT','Z71','Pessoas em contato com os serviços de saúde para outros aconselhamentos e conselho médico, não classi  cados em outra parte');
INSERT INTO cid VALUES('SyR6inM1rh1qe1bmsaACg','Z72','Problemas relacionados com o estilo de vida');
INSERT INTO cid VALUES('aa6gBvqsdTMY8UT2KVhp3','Z73','Problemas relacionados com a organização de seu modo de vida');
INSERT INTO cid VALUES('-vn4BMc-wMgu2kT4XVN3v','Z74','Problemas relacionados com a dependência de uma pessoa que oferece cuidados de saúde');
INSERT INTO cid VALUES('6GLR9dEqVeJLkGnSxEAzk','Z75','Problemas relacionados com as facilidades médicas e outros cuidados de saúde');
INSERT INTO cid VALUES('XuV408D2z19_dvL9GQeqh','Z76','Pessoas em contato com os serviços de saúde em outras circunstâncias');
INSERT INTO cid VALUES('pSmjP7CHCq3X7vW0auF6Y','Z80','História familiar de neoplasia maligna');
INSERT INTO cid VALUES('hV6JyiysFWhkK6lYDbuYk','Z81','História familiar de transtornos mentais e comportamentais');
INSERT INTO cid VALUES('JvJLN2iSdv5PzKuykb6XO','Z82','História familiar de algumas incapacidades e doenças crônicas que conduzem a incapacitação');
INSERT INTO cid VALUES('mqag2korY9OOfbOobyHbg','Z83','História familiar de outros transtornos específicos');
INSERT INTO cid VALUES('OICLKG0mQznjiPxgmRcow','Z84','História familiar de outras afecções');
INSERT INTO cid VALUES('OKYKSViwtIKqvYAL-YDzq','Z85','História pessoal de neoplasia maligna');
INSERT INTO cid VALUES('Cj32b1n0wMHM4QciP3Jo5','Z86','História pessoal de algumas outras doenças');
INSERT INTO cid VALUES('YBxdiyjKSkJTLUdUwbGrC','Z87','História pessoal de outras doenças e afecções');
INSERT INTO cid VALUES('Sms3AlykzAL70X9Zcbw5Z','Z88','História pessoal de alergia a drogas, medicamentos e a substâncias biológicas');
INSERT INTO cid VALUES('e7sUSU4-Vj4nny6nZCCUf','Z89','Ausência adquirida de membros');
INSERT INTO cid VALUES('BlQVrQ7n9td6kwZWJjX3W','Z90','Ausência adquirida de órgãos não classificados em outra parte');
INSERT INTO cid VALUES('WENvCQ8n6oDfqnxLLYRm5','Z91','História pessoal de fatores de risco, não classificados em outra parte');
INSERT INTO cid VALUES('wKpi4Y3YtbToZjqY2cj78','Z92','História pessoal de tratamento médico');
INSERT INTO cid VALUES('IdQirthxsNUIYBrOKYZlD','Z93','Orifícios artificiais');
INSERT INTO cid VALUES('Fz6PnD-X_F4Mpny8cEEuI','Z94','Órgãos e tecidos transplantados');
INSERT INTO cid VALUES('GkNLMYlk16UK7Od_T4wRa','Z95','Presença de implantes e enxertos cardíacos e vasculares');
INSERT INTO cid VALUES('Osa_I6J9myOH3q5cwpU7X','Z96','Presença de outros implantes funcionais');
INSERT INTO cid VALUES('uAuLmsQiOmBXZVIfFbTMi','Z97','Presença de outros dispositivos protéticos');
INSERT INTO cid VALUES('I0pq1bz60QscH7d0HCrG1','Z98','Outros estados pós-cirúrgicos');
INSERT INTO cid VALUES('udzCdIJVXxnG7GErGdwC5','Z99','Dependência de máquinas e dispositivos capacitantes, não classificados em outra parte');
CREATE TABLE IF NOT EXISTS "appointment_cid" (
    "id" TEXT NOT NULL PRIMARY KEY,
    "appointmentId" TEXT NOT NULL,
    "cidId" TEXT NOT NULL,
    "organizationId" TEXT,
    CONSTRAINT "appointment_cid_appointmentId_fkey" FOREIGN KEY ("appointmentId") REFERENCES "appointment" ("id") ON DELETE CASCADE ON UPDATE CASCADE,
    CONSTRAINT "appointment_cid_cidId_fkey" FOREIGN KEY ("cidId") REFERENCES "cid" ("id") ON DELETE CASCADE ON UPDATE CASCADE,
    CONSTRAINT "appointment_cid_organizationId_fkey" FOREIGN KEY ("organizationId") REFERENCES "organization" ("id") ON DELETE CASCADE ON UPDATE CASCADE
);
INSERT INTO appointment_cid VALUES('MB9AD2P8l5hcJkLbIOOyQ','M3wwTg3bdDihD2IuAYSfs','-OQ5WpYApf5g4kdsJNlub','64w6z_cvF3Dse3T5H46bf');
INSERT INTO appointment_cid VALUES('tTWCZLFmNZd3oriyBKCn5','M3wwTg3bdDihD2IuAYSfs','J-pefM_apBGOd-vPNGYNO','64w6z_cvF3Dse3T5H46bf');
INSERT INTO appointment_cid VALUES('Uwerf7v1Z_J2b0wecwcKY','9MYKmSTPMNKNE_DdwRQ2B','Rw0F55TLHLIWCdcwRMB5d','64w6z_cvF3Dse3T5H46bf');
INSERT INTO appointment_cid VALUES('UkgaEH1zO0SxGCJgRro5E','9MYKmSTPMNKNE_DdwRQ2B','pGBnBKF2yCV4Xqb3jtgx7','64w6z_cvF3Dse3T5H46bf');
INSERT INTO appointment_cid VALUES('YXpvGvH5NXvsGKF2Kl9vq','9MYKmSTPMNKNE_DdwRQ2B','6s3ODJwizFH3I5WDwGU-K','64w6z_cvF3Dse3T5H46bf');
INSERT INTO appointment_cid VALUES('jJQcjK2Zs1lDH5wZ-dHyN','9MYKmSTPMNKNE_DdwRQ2B','rqZHbMuTLp7CHmscZq3Qu','64w6z_cvF3Dse3T5H46bf');
INSERT INTO appointment_cid VALUES('UpdC56FbzFBWAuIN1yFDI','jtEDKs_TTqZ4fpEADARcO','J-pefM_apBGOd-vPNGYNO','64w6z_cvF3Dse3T5H46bf');
INSERT INTO appointment_cid VALUES('UFzV4w3R6E6GqztKJjOQt','jtEDKs_TTqZ4fpEADARcO','44uKOcuEz6PaeJ4SuuBxR','64w6z_cvF3Dse3T5H46bf');
CREATE TABLE IF NOT EXISTS "appointment" (
    "id" TEXT NOT NULL PRIMARY KEY,
    "patientId" TEXT NOT NULL,
    "createdAt" DATETIME NOT NULL DEFAULT CURRENT_TIMESTAMP,
    "updatedAt" DATETIME NOT NULL,
    "motive" TEXT NOT NULL,
    "subjective" TEXT NOT NULL,
    "objective" TEXT NOT NULL,
    "evaluation" TEXT NOT NULL,
    "plan" TEXT NOT NULL,
    "ownerId" TEXT NOT NULL,
    "organizationId" TEXT,
    CONSTRAINT "appointment_patientId_fkey" FOREIGN KEY ("patientId") REFERENCES "patient" ("id") ON DELETE CASCADE ON UPDATE CASCADE,
    CONSTRAINT "appointment_ownerId_fkey" FOREIGN KEY ("ownerId") REFERENCES "user" ("id") ON DELETE CASCADE ON UPDATE CASCADE,
    CONSTRAINT "appointment_organizationId_fkey" FOREIGN KEY ("organizationId") REFERENCES "organization" ("id") ON DELETE CASCADE ON UPDATE CASCADE
);
INSERT INTO appointment VALUES('M3wwTg3bdDihD2IuAYSfs','H6mcr3iFSLcYr6Sm_to-c','2025-02-07T01:04:11.511+00:00','2025-02-07T01:04:11.511+00:00','ere','erte','erte','Teste de Consulta','asfafga','D5NPgVnhF8XGNGeO4OE1pOZGXdQD2MMj','64w6z_cvF3Dse3T5H46bf');
INSERT INTO appointment VALUES('9MYKmSTPMNKNE_DdwRQ2B','Mc4ZMjSVoCh6kdqDTK7wJ','2025-02-15T16:09:32.151+00:00','2025-02-15T16:09:32.151+00:00','Dor articular','Paciente refere dores articulares difusas, mas com predominio em ombro direito, principalmente pós esforço. Refere já ter realizado alguns tratamentos medicamentosos, porém nunca teve uma melhora significativa.',replace('BEG, LOC, MUC, AAA\nVia área pérvia orofaringe sem particularidade\nOroscopia: Amigdalas presente sem hiperemia e sem hipertrofias, sem exsudatos, sem lesões aparentes.\nOtoscopia: Membranas bilaterais presentes sem abaulamento, sem perfurações, cone luminoso presente, conduto bilateral sem hiperemia e sem lesões aparentes.\nAP: MV+ Bilateral SRA\nAC: BNF RR 2T SSA sem arritmias \nPA:\nNeurológico sem particularidade, pupilas isofotorreagente, ECG 15\nABD: Plano, Globoso, Em avental, Pouco globoso em aventar, sem cicatrizes, RHA+, Indolor a palpação, sem sinais de pritonismo\nMMII: Sem edemas, Com edemas +/++++, com caçifo +1/+4, Pulsos palpáveis, amplos e simétricos, sem deformidades, extremidades quentes, TEC < 3s\n\n','\n',char(10)),replace('DM2 compesando\nHAS compensado\nDor articular a tratar','\n',char(10)),replace('Prescrevo analgésico e AINEs\nOriento MEV\nInfiltração em ombro direto para próxima consulta','\n',char(10)),'D5NPgVnhF8XGNGeO4OE1pOZGXdQD2MMj','64w6z_cvF3Dse3T5H46bf');
INSERT INTO appointment VALUES('jtEDKs_TTqZ4fpEADARcO','Mc4ZMjSVoCh6kdqDTK7wJ','2025-02-15T16:28:56.733+00:00','2025-02-15T16:28:56.733+00:00','lllll','lllll','pppp','ookkk','kighigiugiuiugiug','D5NPgVnhF8XGNGeO4OE1pOZGXdQD2MMj','64w6z_cvF3Dse3T5H46bf');
CREATE TABLE IF NOT EXISTS "patient" (
    "id" TEXT NOT NULL PRIMARY KEY,
    "name" TEXT NOT NULL,
    "cpf" TEXT NOT NULL,
    "cellphone" TEXT NOT NULL,
    "email" TEXT NOT NULL,
    "sex" TEXT NOT NULL,
    "responsible" TEXT,
    "nationality" TEXT NOT NULL,
    "race" TEXT NOT NULL,
    "state" TEXT NOT NULL,
    "city" TEXT NOT NULL,
    "zipcode" TEXT NOT NULL,
    "neighborhood" TEXT NOT NULL,
    "street" TEXT NOT NULL,
    "number" TEXT NOT NULL,
    "complement" TEXT,
    "occupation" TEXT NOT NULL,
    "sexualOrientation" TEXT,
    "civilStatus" TEXT NOT NULL,
    "bloodType" TEXT NOT NULL,
    "genderIdentity" TEXT NOT NULL,
    "password" TEXT,
    "createdAt" DATETIME NOT NULL DEFAULT CURRENT_TIMESTAMP,
    "updatedAt" DATETIME NOT NULL,
    "ownerId" TEXT NOT NULL,
    "organizationId" TEXT,
    "userId" TEXT,
    CONSTRAINT "patient_ownerId_fkey" FOREIGN KEY ("ownerId") REFERENCES "user" ("id") ON DELETE CASCADE ON UPDATE CASCADE,
    CONSTRAINT "patient_organizationId_fkey" FOREIGN KEY ("organizationId") REFERENCES "organization" ("id") ON DELETE CASCADE ON UPDATE CASCADE,
    CONSTRAINT "patient_userId_fkey" FOREIGN KEY ("userId") REFERENCES "user" ("id") ON DELETE CASCADE ON UPDATE CASCADE
);
INSERT INTO patient VALUES('H6mcr3iFSLcYr6Sm_to-c','Filipe Marcolino','07822264931','48999349316','filipemartyn@gmail.com','male','','Brasileiro','white','SC','Cocal do Sul','88845-000','','','53','','Médico','Heterossexual','married','b+','cisgender',NULL,'2025-02-06T00:04:23.771+00:00','2025-02-06T00:27:32.685+00:00','D5NPgVnhF8XGNGeO4OE1pOZGXdQD2MMj','64w6z_cvF3Dse3T5H46bf',NULL);
INSERT INTO patient VALUES('Mc4ZMjSVoCh6kdqDTK7wJ','Ademir Marcolino','39912698991','48999735928','filipemartyn@gmail.com','male','','Brasileiro','white','SC','Cocal do Sul','88845-000','boa vista','amadeu oselame','53','esquina com elias rosso','aposentado','heterossexual','married','ab+','cisgender',NULL,'2025-02-15T15:39:33.880+00:00','2025-02-15T15:45:13.987+00:00','D5NPgVnhF8XGNGeO4OE1pOZGXdQD2MMj','64w6z_cvF3Dse3T5H46bf',NULL);
INSERT INTO patient VALUES('YFhY6ifbk1aFZ_plLGSXe','Zeneide Beltrame Marcolino','78100585920','48996746357','zeneidebeltramecanceller@gmail.com','female','','Brasileiro','white','SC','Cocal do Sul','88845-000','boa vista','rua amadeu oselame','53','esquina com rua elias rosso','aposentada','heterossexual','married','o+','cisgender',NULL,'2025-02-15T16:20:00.029+00:00','2025-02-15T16:20:00.029+00:00','D5NPgVnhF8XGNGeO4OE1pOZGXdQD2MMj','64w6z_cvF3Dse3T5H46bf',NULL);
INSERT INTO patient VALUES('rG7heA1BstDrOZa87rhNW','Caroline Pedro de Melo','09234401948','48999551205','carol-pedrodemelo@hotail.com','female','','Brasileira','white','SC','Cocal do Sul','88845-000','jardim das palmeiras','Rodovia SC 108KM 363','1151','Residencial Villa Siena - Apto 408 bloco 2','enfermeira','heterossexual','married','o+','cisgender',NULL,'2025-02-15T16:37:48.202+00:00','2025-02-15T16:37:48.202+00:00','D5NPgVnhF8XGNGeO4OE1pOZGXdQD2MMj','64w6z_cvF3Dse3T5H46bf',NULL);
INSERT INTO patient VALUES('axJmGKvJaNpWeKXr26t8r','Marcos Pedro de Melo','09971592940','48996539312','marcosdemelo@gmail.com','male','','Brasileiro','white','SC','Cocal do Sul','88845-000','jardim elizabeth','vila vicentina','1115','casa','engenheiro','heterossexual','single','a+','cisgender',NULL,'2025-02-15T16:42:24.024+00:00','2025-02-15T16:42:24.024+00:00','D5NPgVnhF8XGNGeO4OE1pOZGXdQD2MMj','64w6z_cvF3Dse3T5H46bf',NULL);
INSERT INTO patient VALUES('yZstRqbHnRfE6JSSTbTdc','Gabriela Borges','12651792985','48988402050','gabriela@hotmail.com','female','','brasileira','white','SC','Cocal do Sul','88845-000','jardim elizabeth','vila vicentina','1115','casa','enfermeira','heterossexual','single','b+','cisgender',NULL,'2025-02-15T16:45:53.222+00:00','2025-02-15T16:45:53.222+00:00','D5NPgVnhF8XGNGeO4OE1pOZGXdQD2MMj','64w6z_cvF3Dse3T5H46bf',NULL);
CREATE TABLE IF NOT EXISTS "vaccinations" (
    "id" TEXT NOT NULL PRIMARY KEY,
    "createdAt" DATETIME NOT NULL DEFAULT CURRENT_TIMESTAMP,
    "patientId" TEXT NOT NULL,
    "vaccinationsValuesId" TEXT NOT NULL,
    "organizationId" TEXT,
    CONSTRAINT "vaccinations_patientId_fkey" FOREIGN KEY ("patientId") REFERENCES "patient" ("id") ON DELETE CASCADE ON UPDATE CASCADE,
    CONSTRAINT "vaccinations_vaccinationsValuesId_fkey" FOREIGN KEY ("vaccinationsValuesId") REFERENCES "vaccinations_values" ("id") ON DELETE CASCADE ON UPDATE CASCADE,
    CONSTRAINT "vaccinations_organizationId_fkey" FOREIGN KEY ("organizationId") REFERENCES "organization" ("id") ON DELETE CASCADE ON UPDATE CASCADE
);
INSERT INTO vaccinations VALUES('Svle2mpU61c8kEnTx5xVw','2025-02-06T00:27:32.541+00:00','H6mcr3iFSLcYr6Sm_to-c','MUmvabd4cjdjS9gurWr_X','64w6z_cvF3Dse3T5H46bf');
INSERT INTO vaccinations VALUES('3Lyg-udOGiizGta_mzDy9','2025-02-15T15:45:13.727+00:00','Mc4ZMjSVoCh6kdqDTK7wJ','7nviBXwNr5Sn9SZBypXTm','64w6z_cvF3Dse3T5H46bf');
INSERT INTO vaccinations VALUES('D_6PA72ju9aMy9aHWHf59','2025-02-15T16:20:00.029+00:00','YFhY6ifbk1aFZ_plLGSXe','7nviBXwNr5Sn9SZBypXTm','64w6z_cvF3Dse3T5H46bf');
INSERT INTO vaccinations VALUES('ou4S0wvucwtLVJ5eOqUCY','2025-02-15T16:37:48.202+00:00','rG7heA1BstDrOZa87rhNW','7nviBXwNr5Sn9SZBypXTm','64w6z_cvF3Dse3T5H46bf');
INSERT INTO vaccinations VALUES('nvd2VQcKnKCuR5wf8gxAK','2025-02-15T16:42:24.024+00:00','axJmGKvJaNpWeKXr26t8r','7nviBXwNr5Sn9SZBypXTm','64w6z_cvF3Dse3T5H46bf');
INSERT INTO vaccinations VALUES('a0j0rCZVcWYiGrX4BJoNK','2025-02-15T16:45:53.222+00:00','yZstRqbHnRfE6JSSTbTdc','7nviBXwNr5Sn9SZBypXTm','64w6z_cvF3Dse3T5H46bf');
CREATE TABLE IF NOT EXISTS "vaccinations_values" (
    "id" TEXT NOT NULL PRIMARY KEY,
    "value" TEXT NOT NULL,
    "createdAt" DATETIME NOT NULL DEFAULT CURRENT_TIMESTAMP
);
INSERT INTO vaccinations_values VALUES('nNmrAmZp5lOuXSMZCLhAp','Epatite B','2025-02-06T00:01:29.809+00:00');
INSERT INTO vaccinations_values VALUES('ZPt7CYtT5UOl5mXkrT3gl','Covid','2025-02-06T00:01:34.832+00:00');
INSERT INTO vaccinations_values VALUES('MUmvabd4cjdjS9gurWr_X','Influenza','2025-02-06T00:01:39.889+00:00');
INSERT INTO vaccinations_values VALUES('_allqo9LzXIH6KaEzyOJG','Poeira','2025-02-06T00:15:34.221+00:00');
INSERT INTO vaccinations_values VALUES('0UZcx74DrarpG4xSqkux-','Hepatite','2025-02-06T00:23:47.695+00:00');
INSERT INTO vaccinations_values VALUES('7nviBXwNr5Sn9SZBypXTm','Covid-19','2025-02-15T15:38:22.572+00:00');
INSERT INTO vaccinations_values VALUES('Hf3o-9hI0VUE362PAeerp','Covid]','2025-02-15T16:40:43.956+00:00');
CREATE TABLE IF NOT EXISTS "allergies" (
    "id" TEXT NOT NULL PRIMARY KEY,
    "createdAt" DATETIME NOT NULL DEFAULT CURRENT_TIMESTAMP,
    "patientId" TEXT,
    "allergiesValuesId" TEXT NOT NULL,
    "appointmentId" TEXT,
    "organizationId" TEXT,
    CONSTRAINT "allergies_patientId_fkey" FOREIGN KEY ("patientId") REFERENCES "patient" ("id") ON DELETE CASCADE ON UPDATE CASCADE,
    CONSTRAINT "allergies_allergiesValuesId_fkey" FOREIGN KEY ("allergiesValuesId") REFERENCES "allergies_values" ("id") ON DELETE CASCADE ON UPDATE CASCADE,
    CONSTRAINT "allergies_appointmentId_fkey" FOREIGN KEY ("appointmentId") REFERENCES "appointment" ("id") ON DELETE CASCADE ON UPDATE CASCADE,
    CONSTRAINT "allergies_organizationId_fkey" FOREIGN KEY ("organizationId") REFERENCES "organization" ("id") ON DELETE CASCADE ON UPDATE CASCADE
);
INSERT INTO allergies VALUES('r4EE7jtPlR0j_caYDIFSP','2025-02-06T00:27:32.554+00:00','H6mcr3iFSLcYr6Sm_to-c','w9kE1vS5c2kdy1kAbVpTq',NULL,'64w6z_cvF3Dse3T5H46bf');
INSERT INTO allergies VALUES('rSxP4BbRQFsjL1QJbK8Q8','2025-02-15T15:45:13.745+00:00','Mc4ZMjSVoCh6kdqDTK7wJ','PP0XA7kz5nOzv_OL9ACWj',NULL,'64w6z_cvF3Dse3T5H46bf');
INSERT INTO allergies VALUES('iK01jL5CJMBoVGbeRQHrq','2025-02-15T16:20:00.029+00:00','YFhY6ifbk1aFZ_plLGSXe','KcU-tjzoVB_3bao-omOpd',NULL,'64w6z_cvF3Dse3T5H46bf');
INSERT INTO allergies VALUES('JS9jrqtCTjF4z8rJK6TRB','2025-02-15T16:20:00.029+00:00','YFhY6ifbk1aFZ_plLGSXe','e5x2x-s35JFtjro-6czjX',NULL,'64w6z_cvF3Dse3T5H46bf');
INSERT INTO allergies VALUES('ZSjPT1N5WqpEHNPsJIiP1','2025-02-15T16:37:48.202+00:00','rG7heA1BstDrOZa87rhNW','PP0XA7kz5nOzv_OL9ACWj',NULL,'64w6z_cvF3Dse3T5H46bf');
INSERT INTO allergies VALUES('j8MMgb2viGco6yCFJiZRM','2025-02-15T16:42:24.024+00:00','axJmGKvJaNpWeKXr26t8r','PP0XA7kz5nOzv_OL9ACWj',NULL,'64w6z_cvF3Dse3T5H46bf');
INSERT INTO allergies VALUES('RFnVikV-ykThuwanrrw9r','2025-02-15T16:45:53.222+00:00','yZstRqbHnRfE6JSSTbTdc','PP0XA7kz5nOzv_OL9ACWj',NULL,'64w6z_cvF3Dse3T5H46bf');
CREATE TABLE IF NOT EXISTS "allergies_values" (
    "id" TEXT NOT NULL PRIMARY KEY,
    "value" TEXT NOT NULL,
    "createdAt" DATETIME NOT NULL DEFAULT CURRENT_TIMESTAMP
);
INSERT INTO allergies_values VALUES('w9kE1vS5c2kdy1kAbVpTq','Poeira','2025-02-06T00:01:59.408+00:00');
INSERT INTO allergies_values VALUES('n037JNc4LYFSgl2taESPw','Amendoim','2025-02-06T20:49:45.032+00:00');
INSERT INTO allergies_values VALUES('zHsNAbFfQeGlM4NjG0puY','crianca','2025-02-13T22:14:17.954+00:00');
INSERT INTO allergies_values VALUES('JNUcQmg_xd2DPu6-9OEj6','adolescente','2025-02-13T22:14:23.782+00:00');
INSERT INTO allergies_values VALUES('PP0XA7kz5nOzv_OL9ACWj','Nega alergias','2025-02-15T15:38:34.720+00:00');
INSERT INTO allergies_values VALUES('KcU-tjzoVB_3bao-omOpd','Penicilina','2025-02-15T16:16:25.078+00:00');
INSERT INTO allergies_values VALUES('e5x2x-s35JFtjro-6czjX','Camarão','2025-02-15T16:16:32.068+00:00');
CREATE TABLE IF NOT EXISTS "medications" (
    "id" TEXT NOT NULL PRIMARY KEY,
    "createdAt" DATETIME NOT NULL DEFAULT CURRENT_TIMESTAMP,
    "patientId" TEXT,
    "medicationsValuesId" TEXT NOT NULL,
    "appointmentId" TEXT,
    "organizationId" TEXT,
    CONSTRAINT "medications_patientId_fkey" FOREIGN KEY ("patientId") REFERENCES "patient" ("id") ON DELETE CASCADE ON UPDATE CASCADE,
    CONSTRAINT "medications_medicationsValuesId_fkey" FOREIGN KEY ("medicationsValuesId") REFERENCES "medications_values" ("id") ON DELETE CASCADE ON UPDATE CASCADE,
    CONSTRAINT "medications_appointmentId_fkey" FOREIGN KEY ("appointmentId") REFERENCES "appointment" ("id") ON DELETE CASCADE ON UPDATE CASCADE,
    CONSTRAINT "medications_organizationId_fkey" FOREIGN KEY ("organizationId") REFERENCES "organization" ("id") ON DELETE CASCADE ON UPDATE CASCADE
);
INSERT INTO medications VALUES('nSlZUM2yUZFl13cbM4B_K','2025-02-06T00:27:32.569+00:00','H6mcr3iFSLcYr6Sm_to-c','xeZgACrbRP8K0L-z8fOhc',NULL,'64w6z_cvF3Dse3T5H46bf');
INSERT INTO medications VALUES('EbgZ2ZCrlZJ4xSYb6P8a8','2025-02-15T15:45:13.759+00:00','Mc4ZMjSVoCh6kdqDTK7wJ','fVllzFyu-McXl7oBu6YR2',NULL,'64w6z_cvF3Dse3T5H46bf');
INSERT INTO medications VALUES('LZvj2P8yipTvVLQ3Vj5u7','2025-02-15T15:45:13.774+00:00','Mc4ZMjSVoCh6kdqDTK7wJ','HZtu0L_KtDrDR3rnFneY-',NULL,'64w6z_cvF3Dse3T5H46bf');
INSERT INTO medications VALUES('O3g-ucNPZHDOoDGf3nInk','2025-02-15T15:45:13.791+00:00','Mc4ZMjSVoCh6kdqDTK7wJ','xhPHP44ongpr92tMMy4Hl',NULL,'64w6z_cvF3Dse3T5H46bf');
INSERT INTO medications VALUES('TQZabRb2rF3yGNituuMDn','2025-02-15T15:45:13.804+00:00','Mc4ZMjSVoCh6kdqDTK7wJ','pl-zpT_D4_Hx2E_dqV53v',NULL,'64w6z_cvF3Dse3T5H46bf');
INSERT INTO medications VALUES('uz1sIi8_xRntWt8wwmz0l','2025-02-15T15:45:13.817+00:00','Mc4ZMjSVoCh6kdqDTK7wJ','6NvfSQPhiStd5B4nsAe4C',NULL,'64w6z_cvF3Dse3T5H46bf');
INSERT INTO medications VALUES('ckfvtUi6p6NsnG3oOmxMc','2025-02-15T15:45:13.832+00:00','Mc4ZMjSVoCh6kdqDTK7wJ','S-Ac-6OyHzcG-b1SKf9O8',NULL,'64w6z_cvF3Dse3T5H46bf');
INSERT INTO medications VALUES('7HfLAMk8PHLlP25K6NdLv','2025-02-15T15:45:13.851+00:00','Mc4ZMjSVoCh6kdqDTK7wJ','bu6FaE3rCFLD_vdaLVq0y',NULL,'64w6z_cvF3Dse3T5H46bf');
INSERT INTO medications VALUES('NhUymMhnwkiRAOiTPpeEc','2025-02-15T15:45:13.873+00:00','Mc4ZMjSVoCh6kdqDTK7wJ','ODaxCJsuPxwCBcXz6Zleg',NULL,'64w6z_cvF3Dse3T5H46bf');
INSERT INTO medications VALUES('tKSVcTWRqu41OE2NSqwij','2025-02-15T16:20:00.029+00:00','YFhY6ifbk1aFZ_plLGSXe','S0Dmpfo1jSKBRkLQ9LUH_',NULL,'64w6z_cvF3Dse3T5H46bf');
INSERT INTO medications VALUES('o8ojPbJbiLhoCuI3HcwJv','2025-02-15T16:20:00.029+00:00','YFhY6ifbk1aFZ_plLGSXe','iCxevLbZpvE9aoN7KQBp6',NULL,'64w6z_cvF3Dse3T5H46bf');
INSERT INTO medications VALUES('XXK_KR7drw491Phw2TURk','2025-02-15T16:20:00.029+00:00','YFhY6ifbk1aFZ_plLGSXe','kEp-k7lSHm71LDfxjVO5r',NULL,'64w6z_cvF3Dse3T5H46bf');
INSERT INTO medications VALUES('BWhAs3AfqdvPE1SH4z6vT','2025-02-15T16:20:00.029+00:00','YFhY6ifbk1aFZ_plLGSXe','6EHenCict_YhG371aqUG9',NULL,'64w6z_cvF3Dse3T5H46bf');
INSERT INTO medications VALUES('uBPZSkYTTSb7TIbJ7pdjG','2025-02-15T16:20:00.029+00:00','YFhY6ifbk1aFZ_plLGSXe','ZqlHuAlYGNwwgxghxzj8E',NULL,'64w6z_cvF3Dse3T5H46bf');
INSERT INTO medications VALUES('jkrwruxuG1G8WBIKXSHQb','2025-02-15T16:20:00.029+00:00','YFhY6ifbk1aFZ_plLGSXe','j6-eGg2cAtlYxzYMNBhgs',NULL,'64w6z_cvF3Dse3T5H46bf');
INSERT INTO medications VALUES('W3NTvX_Zrz0g4O1o9nCYS','2025-02-15T16:42:24.024+00:00','axJmGKvJaNpWeKXr26t8r','qhqu1OFJ7hsTwOWDEWlzb',NULL,'64w6z_cvF3Dse3T5H46bf');
CREATE TABLE IF NOT EXISTS "medications_values" (
    "id" TEXT NOT NULL PRIMARY KEY,
    "value" TEXT NOT NULL,
    "createdAt" DATETIME NOT NULL DEFAULT CURRENT_TIMESTAMP
);
INSERT INTO medications_values VALUES('Z0M4qBwxeSBKVei6mvrPc','Lozartana','2025-02-06T00:02:29.035+00:00');
INSERT INTO medications_values VALUES('xeZgACrbRP8K0L-z8fOhc','Losartana','2025-02-06T00:02:33.640+00:00');
INSERT INTO medications_values VALUES('fVllzFyu-McXl7oBu6YR2','Benicar HCT 40/12,5mg','2025-02-15T15:40:11.341+00:00');
INSERT INTO medications_values VALUES('HZtu0L_KtDrDR3rnFneY-','Anlodipino 5mg','2025-02-15T15:40:18.473+00:00');
INSERT INTO medications_values VALUES('xhPHP44ongpr92tMMy4Hl','Glifage XR 500mg','2025-02-15T15:40:27.915+00:00');
INSERT INTO medications_values VALUES('pl-zpT_D4_Hx2E_dqV53v','Nesina Pio 25/30mg','2025-02-15T15:40:36.601+00:00');
INSERT INTO medications_values VALUES('6NvfSQPhiStd5B4nsAe4C','Clonazepam 2,5mg/ml','2025-02-15T15:40:49.292+00:00');
INSERT INTO medications_values VALUES('S-Ac-6OyHzcG-b1SKf9O8','Trazodona 50mg','2025-02-15T15:40:54.940+00:00');
INSERT INTO medications_values VALUES('bu6FaE3rCFLD_vdaLVq0y','Sinvastatina 40mg','2025-02-15T15:41:27.915+00:00');
INSERT INTO medications_values VALUES('ODaxCJsuPxwCBcXz6Zleg','Glimepirida 2mg','2025-02-15T15:41:44.385+00:00');
INSERT INTO medications_values VALUES('S0Dmpfo1jSKBRkLQ9LUH_','Xigduo 1000/5mg','2025-02-15T16:16:59.905+00:00');
INSERT INTO medications_values VALUES('86ETO02rpHNzcYuRA1SNI','Nesina 2mg','2025-02-15T16:17:09.914+00:00');
INSERT INTO medications_values VALUES('iCxevLbZpvE9aoN7KQBp6','Glizazida 60mg','2025-02-15T16:17:29.240+00:00');
INSERT INTO medications_values VALUES('kEp-k7lSHm71LDfxjVO5r','Nesina 25mg','2025-02-15T16:17:46.705+00:00');
INSERT INTO medications_values VALUES('6EHenCict_YhG371aqUG9','Aradois 50mg','2025-02-15T16:18:00.188+00:00');
INSERT INTO medications_values VALUES('ZqlHuAlYGNwwgxghxzj8E','Atorvastatina 40mg','2025-02-15T16:18:06.653+00:00');
INSERT INTO medications_values VALUES('PjDSYdKjKZdGt0W6-3po6','AAS 100mg','2025-02-15T16:18:12.029+00:00');
INSERT INTO medications_values VALUES('j6-eGg2cAtlYxzYMNBhgs','Somalgin 100mg','2025-02-15T16:19:01.976+00:00');
INSERT INTO medications_values VALUES('qhqu1OFJ7hsTwOWDEWlzb','Escitaopram 10mg','2025-02-15T16:41:48.018+00:00');
CREATE TABLE IF NOT EXISTS "exam_results" (
    "id" TEXT NOT NULL PRIMARY KEY,
    "createdAt" DATETIME NOT NULL DEFAULT CURRENT_TIMESTAMP,
    "patientId" TEXT NOT NULL,
    "examResultsValuesId" TEXT NOT NULL,
    "organizationId" TEXT,
    CONSTRAINT "exam_results_patientId_fkey" FOREIGN KEY ("patientId") REFERENCES "patient" ("id") ON DELETE CASCADE ON UPDATE CASCADE,
    CONSTRAINT "exam_results_examResultsValuesId_fkey" FOREIGN KEY ("examResultsValuesId") REFERENCES "exam_results_values" ("id") ON DELETE CASCADE ON UPDATE CASCADE,
    CONSTRAINT "exam_results_organizationId_fkey" FOREIGN KEY ("organizationId") REFERENCES "organization" ("id") ON DELETE CASCADE ON UPDATE CASCADE
);
INSERT INTO exam_results VALUES('xCfkyXSTdliJiMD3P7a_E','2025-02-06T00:27:32.583+00:00','H6mcr3iFSLcYr6Sm_to-c','A7l-NC7geJibX0Noy3PLW','64w6z_cvF3Dse3T5H46bf');
INSERT INTO exam_results VALUES('3sdPcNauyVEaymYG7GFqz','2025-02-06T00:27:32.596+00:00','H6mcr3iFSLcYr6Sm_to-c','XaEbUehnNWE9DNCkz2wLZ','64w6z_cvF3Dse3T5H46bf');
INSERT INTO exam_results VALUES('F7EylDUjdqN-WyWfvclpO','2025-02-15T16:37:48.202+00:00','rG7heA1BstDrOZa87rhNW','3FT9fr-3BXqeanaVcox1k','64w6z_cvF3Dse3T5H46bf');
INSERT INTO exam_results VALUES('Az51YA4_29-uHHqwvFqlF','2025-02-15T16:37:48.202+00:00','rG7heA1BstDrOZa87rhNW','QhYlcFvNOZJ5WjUm99E22','64w6z_cvF3Dse3T5H46bf');
INSERT INTO exam_results VALUES('OfZ6RGqM50hvlEhVmiEcv','2025-02-15T16:37:48.202+00:00','rG7heA1BstDrOZa87rhNW','CbFw8GJ-sH2UrBxFoPctD','64w6z_cvF3Dse3T5H46bf');
CREATE TABLE IF NOT EXISTS "exam_results_values" (
    "id" TEXT NOT NULL PRIMARY KEY,
    "value" TEXT NOT NULL,
    "createdAt" DATETIME NOT NULL DEFAULT CURRENT_TIMESTAMP
);
INSERT INTO exam_results_values VALUES('XaEbUehnNWE9DNCkz2wLZ','asda','2025-02-06T00:02:45.009+00:00');
INSERT INTO exam_results_values VALUES('A7l-NC7geJibX0Noy3PLW','Exame X média 34','2025-02-06T00:03:11.518+00:00');
INSERT INTO exam_results_values VALUES('3FT9fr-3BXqeanaVcox1k','Hemoglobina 11,5','2025-02-15T16:36:22.696+00:00');
INSERT INTO exam_results_values VALUES('QhYlcFvNOZJ5WjUm99E22','leucocitos 8000','2025-02-15T16:36:29.384+00:00');
INSERT INTO exam_results_values VALUES('CbFw8GJ-sH2UrBxFoPctD','palquetas 240000','2025-02-15T16:36:37.385+00:00');
CREATE TABLE IF NOT EXISTS "comorbidities" (
    "id" TEXT NOT NULL PRIMARY KEY,
    "createdAt" DATETIME NOT NULL DEFAULT CURRENT_TIMESTAMP,
    "patientId" TEXT,
    "comorbiditiesValuesId" TEXT NOT NULL,
    "appointmentId" TEXT,
    "organizationId" TEXT,
    CONSTRAINT "comorbidities_patientId_fkey" FOREIGN KEY ("patientId") REFERENCES "patient" ("id") ON DELETE CASCADE ON UPDATE CASCADE,
    CONSTRAINT "comorbidities_comorbiditiesValuesId_fkey" FOREIGN KEY ("comorbiditiesValuesId") REFERENCES "comorbidities_values" ("id") ON DELETE CASCADE ON UPDATE CASCADE,
    CONSTRAINT "comorbidities_appointmentId_fkey" FOREIGN KEY ("appointmentId") REFERENCES "appointment" ("id") ON DELETE CASCADE ON UPDATE CASCADE,
    CONSTRAINT "comorbidities_organizationId_fkey" FOREIGN KEY ("organizationId") REFERENCES "organization" ("id") ON DELETE CASCADE ON UPDATE CASCADE
);
INSERT INTO comorbidities VALUES('j5jEtyonTPnb96DDu0Qqa','2025-02-06T00:27:32.610+00:00','H6mcr3iFSLcYr6Sm_to-c','CRNT_y7Qq9KkUYl8KX_Ji',NULL,'64w6z_cvF3Dse3T5H46bf');
INSERT INTO comorbidities VALUES('2_PsgtqFHXnjIsRv3PGlT','2025-02-06T00:27:32.624+00:00','H6mcr3iFSLcYr6Sm_to-c','OSztqMBFs8aK82jYbdq89',NULL,'64w6z_cvF3Dse3T5H46bf');
INSERT INTO comorbidities VALUES('axI-LyO0erW7nL4W1-98Z','2025-02-06T00:27:32.639+00:00','H6mcr3iFSLcYr6Sm_to-c','pyboRtVlxlycR0kNn3Mcd',NULL,'64w6z_cvF3Dse3T5H46bf');
INSERT INTO comorbidities VALUES('mFG4WUpdFqXiJs1YB3SCK','2025-02-15T15:45:13.895+00:00','Mc4ZMjSVoCh6kdqDTK7wJ','0yWsPpur9OguCaMS7mOCq',NULL,'64w6z_cvF3Dse3T5H46bf');
INSERT INTO comorbidities VALUES('ZkbUVi7eW_80lVcPFlik_','2025-02-15T15:45:13.922+00:00','Mc4ZMjSVoCh6kdqDTK7wJ','8EjUWJ6EiODnVZjFCQSeB',NULL,'64w6z_cvF3Dse3T5H46bf');
INSERT INTO comorbidities VALUES('0Ex_QZlyeeDFn5wYJph9P','2025-02-15T15:45:13.943+00:00','Mc4ZMjSVoCh6kdqDTK7wJ','XE-Df__M35OtEtGeFJAdd',NULL,'64w6z_cvF3Dse3T5H46bf');
INSERT INTO comorbidities VALUES('Uj8IJyXVdTuQH_3p91dUj','2025-02-15T16:20:00.029+00:00','YFhY6ifbk1aFZ_plLGSXe','0yWsPpur9OguCaMS7mOCq',NULL,'64w6z_cvF3Dse3T5H46bf');
INSERT INTO comorbidities VALUES('zbrsdK3rGZsfDq6OCKkRB','2025-02-15T16:20:00.029+00:00','YFhY6ifbk1aFZ_plLGSXe','8EjUWJ6EiODnVZjFCQSeB',NULL,'64w6z_cvF3Dse3T5H46bf');
INSERT INTO comorbidities VALUES('_sd9eVzGczkULrS26TU54','2025-02-15T16:37:48.202+00:00','rG7heA1BstDrOZa87rhNW','ONVN2_uoGNikIgSrQJfZz',NULL,'64w6z_cvF3Dse3T5H46bf');
INSERT INTO comorbidities VALUES('RPRpZh8JDaMmjv54jLKyE','2025-02-15T16:42:24.024+00:00','axJmGKvJaNpWeKXr26t8r','Q_QsVh6fmaBdrhUeQYBfm',NULL,'64w6z_cvF3Dse3T5H46bf');
CREATE TABLE IF NOT EXISTS "comorbidities_values" (
    "id" TEXT NOT NULL PRIMARY KEY,
    "value" TEXT NOT NULL,
    "createdAt" DATETIME NOT NULL DEFAULT CURRENT_TIMESTAMP
);
INSERT INTO comorbidities_values VALUES('CRNT_y7Qq9KkUYl8KX_Ji','Hipertensão','2025-02-06T00:03:26.358+00:00');
INSERT INTO comorbidities_values VALUES('pyboRtVlxlycR0kNn3Mcd','Cardiopata','2025-02-06T00:03:47.791+00:00');
INSERT INTO comorbidities_values VALUES('OSztqMBFs8aK82jYbdq89','Diabético','2025-02-06T00:03:51.180+00:00');
INSERT INTO comorbidities_values VALUES('0yWsPpur9OguCaMS7mOCq','HAS','2025-02-15T15:41:58.876+00:00');
INSERT INTO comorbidities_values VALUES('8EjUWJ6EiODnVZjFCQSeB','DM2','2025-02-15T15:42:04.048+00:00');
INSERT INTO comorbidities_values VALUES('XE-Df__M35OtEtGeFJAdd','Insônia','2025-02-15T15:42:12.954+00:00');
INSERT INTO comorbidities_values VALUES('ONVN2_uoGNikIgSrQJfZz','Hígida','2025-02-15T16:36:43.142+00:00');
INSERT INTO comorbidities_values VALUES('Q_QsVh6fmaBdrhUeQYBfm','Ansiedade','2025-02-15T16:42:01.182+00:00');
CREATE TABLE IF NOT EXISTS "surgeries" (
    "id" TEXT NOT NULL PRIMARY KEY,
    "createdAt" DATETIME NOT NULL DEFAULT CURRENT_TIMESTAMP,
    "patientId" TEXT NOT NULL,
    "surgeriesValuesId" TEXT NOT NULL,
    "organizationId" TEXT,
    CONSTRAINT "surgeries_patientId_fkey" FOREIGN KEY ("patientId") REFERENCES "patient" ("id") ON DELETE CASCADE ON UPDATE CASCADE,
    CONSTRAINT "surgeries_surgeriesValuesId_fkey" FOREIGN KEY ("surgeriesValuesId") REFERENCES "surgeries_values" ("id") ON DELETE CASCADE ON UPDATE CASCADE,
    CONSTRAINT "surgeries_organizationId_fkey" FOREIGN KEY ("organizationId") REFERENCES "organization" ("id") ON DELETE CASCADE ON UPDATE CASCADE
);
INSERT INTO surgeries VALUES('vIpVWPrNo4B0pRf-EAWoa','2025-02-06T00:27:32.658+00:00','H6mcr3iFSLcYr6Sm_to-c','xr2y5ZHYEutAnOtTDWgWL','64w6z_cvF3Dse3T5H46bf');
INSERT INTO surgeries VALUES('oBDdspLUghmpNAXUFT3hI','2025-02-15T15:45:13.955+00:00','Mc4ZMjSVoCh6kdqDTK7wJ','svme_BWDdovdCLs0W_-EM','64w6z_cvF3Dse3T5H46bf');
INSERT INTO surgeries VALUES('h2hc7QgmfKUVJnCrV999R','2025-02-15T16:20:00.029+00:00','YFhY6ifbk1aFZ_plLGSXe','02VptpwEBQ4-fb-OzPczK','64w6z_cvF3Dse3T5H46bf');
INSERT INTO surgeries VALUES('epgOyDDsY3aGS_1sSXIen','2025-02-15T16:37:48.202+00:00','rG7heA1BstDrOZa87rhNW','GdVZedmpjoApBbo4GsWIv','64w6z_cvF3Dse3T5H46bf');
CREATE TABLE IF NOT EXISTS "surgeries_values" (
    "id" TEXT NOT NULL PRIMARY KEY,
    "value" TEXT NOT NULL,
    "createdAt" DATETIME NOT NULL DEFAULT CURRENT_TIMESTAMP
);
INSERT INTO surgeries_values VALUES('xr2y5ZHYEutAnOtTDWgWL','Apêndicite','2025-02-06T00:03:41.862+00:00');
INSERT INTO surgeries_values VALUES('svme_BWDdovdCLs0W_-EM','Cancer de pele','2025-02-15T15:38:48.787+00:00');
INSERT INTO surgeries_values VALUES('02VptpwEBQ4-fb-OzPczK','Cesárea','2025-02-15T16:19:49.453+00:00');
INSERT INTO surgeries_values VALUES('GdVZedmpjoApBbo4GsWIv','Nega','2025-02-15T16:36:48.749+00:00');
CREATE TABLE IF NOT EXISTS "health_plans" (
    "id" TEXT NOT NULL PRIMARY KEY,
    "createdAt" DATETIME NOT NULL DEFAULT CURRENT_TIMESTAMP,
    "patientId" TEXT NOT NULL,
    "healthPlansValuesId" TEXT NOT NULL,
    "organizationId" TEXT,
    CONSTRAINT "health_plans_patientId_fkey" FOREIGN KEY ("patientId") REFERENCES "patient" ("id") ON DELETE CASCADE ON UPDATE CASCADE,
    CONSTRAINT "health_plans_healthPlansValuesId_fkey" FOREIGN KEY ("healthPlansValuesId") REFERENCES "health_plans_values" ("id") ON DELETE CASCADE ON UPDATE CASCADE,
    CONSTRAINT "health_plans_organizationId_fkey" FOREIGN KEY ("organizationId") REFERENCES "organization" ("id") ON DELETE CASCADE ON UPDATE CASCADE
);
INSERT INTO health_plans VALUES('WA1JqUSLyZSDTcGhFwNG4','2025-02-06T00:27:32.671+00:00','H6mcr3iFSLcYr6Sm_to-c','bMab9qQ-RYHS5_VubMXLA','64w6z_cvF3Dse3T5H46bf');
INSERT INTO health_plans VALUES('6aDFgntyWXodIdZXxyGtA','2025-02-15T15:45:13.972+00:00','Mc4ZMjSVoCh6kdqDTK7wJ','0uJWRBDuawY5QVlsBszRW','64w6z_cvF3Dse3T5H46bf');
INSERT INTO health_plans VALUES('-TucM4YWWPmJrJ2FHJT3j','2025-02-15T16:20:00.029+00:00','YFhY6ifbk1aFZ_plLGSXe','0uJWRBDuawY5QVlsBszRW','64w6z_cvF3Dse3T5H46bf');
INSERT INTO health_plans VALUES('qblGMVgWjKKnV2q8fk2Cv','2025-02-15T16:37:48.202+00:00','rG7heA1BstDrOZa87rhNW','0uJWRBDuawY5QVlsBszRW','64w6z_cvF3Dse3T5H46bf');
INSERT INTO health_plans VALUES('tNiErZlsVcxt2pZ9NgSY9','2025-02-15T16:42:24.024+00:00','axJmGKvJaNpWeKXr26t8r','0uJWRBDuawY5QVlsBszRW','64w6z_cvF3Dse3T5H46bf');
INSERT INTO health_plans VALUES('0vWj6zFc1kk7Ti6hjNnYA','2025-02-15T16:45:53.222+00:00','yZstRqbHnRfE6JSSTbTdc','0uJWRBDuawY5QVlsBszRW','64w6z_cvF3Dse3T5H46bf');
CREATE TABLE IF NOT EXISTS "health_plans_values" (
    "id" TEXT NOT NULL PRIMARY KEY,
    "value" TEXT NOT NULL,
    "createdAt" DATETIME NOT NULL DEFAULT CURRENT_TIMESTAMP
);
INSERT INTO health_plans_values VALUES('bMab9qQ-RYHS5_VubMXLA','Unimed','2025-02-06T00:01:51.696+00:00');
INSERT INTO health_plans_values VALUES('0uJWRBDuawY5QVlsBszRW','Nega planos','2025-02-15T15:39:14.488+00:00');
CREATE INDEX "post_slug_idx" ON "post"("slug");
CREATE UNIQUE INDEX "user_email_key" ON "user"("email");
CREATE UNIQUE INDEX "session_token_key" ON "session"("token");
CREATE UNIQUE INDEX "organization_slug_key" ON "organization"("slug");
CREATE INDEX "cid_code_idx" ON "cid"("code");
CREATE UNIQUE INDEX "cid_code_key" ON "cid"("code");
CREATE UNIQUE INDEX "appointment_cid_appointmentId_cidId_key" ON "appointment_cid"("appointmentId", "cidId");
CREATE UNIQUE INDEX "patient_userId_organizationId_key" ON "patient"("userId", "organizationId");
CREATE UNIQUE INDEX "vaccinations_patientId_vaccinationsValuesId_key" ON "vaccinations"("patientId", "vaccinationsValuesId");
CREATE UNIQUE INDEX "vaccinations_values_value_key" ON "vaccinations_values"("value");
CREATE UNIQUE INDEX "allergies_patientId_allergiesValuesId_key" ON "allergies"("patientId", "allergiesValuesId");
CREATE UNIQUE INDEX "allergies_values_value_key" ON "allergies_values"("value");
CREATE UNIQUE INDEX "medications_patientId_medicationsValuesId_key" ON "medications"("patientId", "medicationsValuesId");
CREATE UNIQUE INDEX "medications_values_value_key" ON "medications_values"("value");
CREATE UNIQUE INDEX "exam_results_patientId_examResultsValuesId_key" ON "exam_results"("patientId", "examResultsValuesId");
CREATE UNIQUE INDEX "exam_results_values_value_key" ON "exam_results_values"("value");
CREATE UNIQUE INDEX "comorbidities_patientId_comorbiditiesValuesId_key" ON "comorbidities"("patientId", "comorbiditiesValuesId");
CREATE UNIQUE INDEX "comorbidities_values_value_key" ON "comorbidities_values"("value");
CREATE UNIQUE INDEX "surgeries_patientId_surgeriesValuesId_key" ON "surgeries"("patientId", "surgeriesValuesId");
CREATE UNIQUE INDEX "surgeries_values_value_key" ON "surgeries_values"("value");
CREATE UNIQUE INDEX "health_plans_patientId_healthPlansValuesId_key" ON "health_plans"("patientId", "healthPlansValuesId");
CREATE UNIQUE INDEX "health_plans_values_value_key" ON "health_plans_values"("value");
COMMIT;
